x,y,z
89660.3201309281,43128.80654159273,43.217
89660.4200690719,43128.81005840727,43.217
89660.3920309281,43126.76334159273,43.1825
89660.4919690719,43126.76685840727,43.1825
89660.3920309281,43126.76334159273,43.1825
89660.4200690719,43128.81005840727,43.217
89660.39203092513,43126.76334172963,43.1825
89660.49196907486,43126.76685827036,43.1825
89660.45903092514,43124.85924172963,43.148
89660.55896907487,43124.86275827036,43.148
89660.45903092514,43124.85924172963,43.148
89660.49196907486,43126.76685827036,43.1825
89660.46043654572,43124.87289919653,43.148
89660.55756345429,43124.84910080346,43.148
89660.15023654571,43123.60689919654,43.1439
89660.24736345428,43123.583100803466,43.1439
89660.15023654571,43123.60689919654,43.1439
89660.55756345429,43124.84910080346,43.148
89660.15397134003,43123.61714478138,43.1439
89660.24362865997,43123.57285521862,43.1439
89659.61997134003,43122.536144781385,43.1398
89659.70962865997,43122.49185521862,43.1398
89659.61997134003,43122.536144781385,43.1398
89660.24362865997,43123.57285521862,43.1439
89659.62688456997,43122.54659478856,43.1398
89659.70271543003,43122.481405211445,43.1398
89658.72818456996,43121.50119478856,43.1357
89658.80401543003,43121.43600521144,43.1357
89658.72818456996,43121.50119478856,43.1357
89659.70271543003,43122.481405211445,43.1398
89658.73743510367,43121.50956734883,43.1357
89658.79476489632,43121.42763265117,43.1357
89657.46603510367,43120.61996734883,43.1315
89657.52336489632,43120.538032651166,43.1315
89657.46603510367,43120.61996734883,43.1315
89658.79476489632,43121.42763265117,43.1357
89657.4677235513,43120.62109835294,43.1315
89657.5216764487,43120.53690164706,43.1315
89655.8945235513,43119.61299835294,43.1233
89655.9484764487,43119.52880164706,43.1233
89655.8945235513,43119.61299835294,43.1233
89657.5216764487,43120.53690164706,43.1315
89655.89730277288,43119.614654932935,43.1233
89655.94569722711,43119.52714506706,43.1233
89654.79860277288,43119.00705493294,43.115
89654.84699722711,43118.91954506707,43.115
89654.79860277288,43119.00705493294,43.115
89655.94569722711,43119.52714506706,43.1233
89654.79896432869,43119.00725293957,43.115
89654.8466356713,43118.91934706044,43.115
89653.6606643287,43118.389952939564,43.1068
89653.70833567131,43118.30204706043,43.1068
89653.6606643287,43118.389952939564,43.1068
89654.8466356713,43118.91934706044,43.115
89653.6591474292,43118.38909579198,43.1068
89653.7098525708,43118.302904208016,43.1068
89652.5785474292,43117.75339579198,43.1026
89652.6292525708,43117.66720420802,43.1026
89652.5785474292,43117.75339579198,43.1026
89653.7098525708,43118.302904208016,43.1068
89652.57490460784,43117.75103410691,43.1026
89652.63289539216,43117.66956589309,43.1026
89651.75770460784,43117.169334106904,43.0985
89651.81569539216,43117.08786589309,43.0985
89651.75770460784,43117.169334106904,43.0985
89652.63289539216,43117.66956589309,43.1026
89651.75713735638,43117.168924313046,43.0985
89651.81626264361,43117.08827568695,43.0985
89651.06243735639,43116.65962431305,43.0944
89651.12156264362,43116.57897568695,43.0944
89651.06243735639,43116.65962431305,43.0944
89651.81626264361,43117.08827568695,43.0985
89651.05710449,43116.65510926412,43.0944
89651.12689551001,43116.58349073588,43.0944
89650.53980448999,43116.15100926412,43.0903
89650.60959551,43116.07939073588,43.0903
89650.53980448999,43116.15100926412,43.0903
89651.12689551001,43116.58349073588,43.0944
89650.58988036448,43116.162839862416,43.0903
89650.55951963551,43116.067560137584,43.0903
89649.69328036449,43116.44853986242,43.0862
89649.66291963552,43116.353260137585,43.0862
89649.69328036449,43116.44853986242,43.0862
89650.55951963551,43116.067560137584,43.0903
89649.68844089864,43116.44981897215,43.0862
89649.66775910137,43116.35198102785,43.0862
89648.65054089863,43116.66921897215,43.082
89648.62985910136,43116.571381027854,43.082
89648.65054089863,43116.66921897215,43.082
89649.66775910137,43116.35198102785,43.0862
89648.64882287593,43116.66955084784,43.082
89648.63157712406,43116.57104915217,43.082
89646.91362287593,43116.97335084783,43.115
89646.89637712407,43116.87484915216,43.115
89646.91362287593,43116.97335084783,43.115
89648.63157712406,43116.57104915217,43.082
89646.91858959993,43116.972217802264,43.115
89646.89141040007,43116.87598219773,43.115
89644.88688959993,43117.54601780227,43.1233
89644.85971040008,43117.449782197735,43.1233
89644.88688959993,43117.54601780227,43.1233
89646.89141040007,43116.87598219773,43.115
89644.8842797688,43117.5466795539,43.1233
89644.86232023122,43117.4491204461,43.1233
89641.98187976879,43118.1999795539,43.1315
89641.95992023121,43118.1024204461,43.1315
89641.98187976879,43118.1999795539,43.1315
89644.86232023122,43117.4491204461,43.1233
89641.98478099512,43118.19923454947,43.1315
89641.95701900488,43118.10316545053,43.1315
89640.31338099511,43118.68223454947,43.1357
89640.28561900488,43118.58616545053,43.1357
89640.31338099511,43118.68223454947,43.1357
89641.95701900488,43118.10316545053,43.1315
89640.30561019441,43118.683825251435,43.1357
89640.29338980558,43118.584574748566,43.1357
89638.76411019442,43118.873625251435,43.1377
89638.75188980559,43118.774374748566,43.1377
89638.76411019442,43118.873625251435,43.1377
89640.29338980558,43118.584574748566,43.1357
89638.77091569193,43118.872303053504,43.1377
89638.74508430807,43118.7756969465,43.1377
89636.58271569193,43119.4574030535,43.1398
89636.55688430807,43119.360796946494,43.1398
89636.58271569193,43119.4574030535,43.1398
89638.74508430807,43118.7756969465,43.1377
89636.58856101372,43119.455446784326,43.1398
89636.55103898628,43119.36275321567,43.1398
89634.72886101372,43120.20824678433,43.1439
89634.69133898627,43120.11555321567,43.1439
89634.72886101372,43120.20824678433,43.1439
89636.55103898628,43119.36275321567,43.1398
89634.73769828906,43120.20359333937,43.1439
89634.68250171094,43120.12020666063,43.1439
89633.46959828906,43121.042993339375,43.148
89633.41440171094,43120.95960666063,43.148
89633.46959828906,43121.042993339375,43.148
89634.68250171094,43120.12020666063,43.1439
89633.47574271145,43121.03819755257,43.148
89633.40825728854,43120.96440244744,43.148
89632.21964271145,43122.186897552565,43.148
89632.15215728854,43122.11310244744,43.148
89632.21964271145,43122.186897552565,43.148
89633.40825728854,43120.96440244744,43.148
89632.22440954232,43122.1818906759,43.148
89632.14739045767,43122.1181093241,43.148
89631.11430954233,43123.5223906759,43.148
89631.03729045768,43123.4586093241,43.148
89631.11430954233,43123.5223906759,43.148
89632.14739045767,43122.1181093241,43.148
89631.11855088375,43123.516429946096,43.148
89631.03304911626,43123.464570053904,43.148
89630.00865088374,43125.34632994609,43.148
89629.92314911625,43125.2944700539,43.148
89630.00865088374,43125.34632994609,43.148
89631.03304911626,43123.464570053904,43.148
89630.0086598125,43125.34631521778,43.148
89629.92314018749,43125.294484782215,43.148
89628.70755981251,43127.49311521778,43.148
89628.62204018749,43127.44128478222,43.148
89628.70755981251,43127.49311521778,43.148
89629.92314018749,43125.294484782215,43.148
89628.70704910501,43127.49393973183,43.148
89628.62255089499,43127.44046026817,43.148
89627.05604910501,43130.10253973183,43.148
89626.97155089499,43130.04906026817,43.148
89627.05604910501,43130.10253973183,43.148
89628.62255089499,43127.44046026817,43.148
89627.0555302287,43130.10334247826,43.148
89626.9720697713,43130.04825752174,43.148
89625.1610302287,43132.97374247826,43.148
89625.07756977131,43132.91865752174,43.148
89625.1610302287,43132.97374247826,43.148
89626.9720697713,43130.04825752174,43.148
89625.16013231153,43132.97505693056,43.148
89625.07846768848,43132.917343069435,43.148
89623.20973231153,43135.73485693056,43.148
89623.12806768848,43135.677143069435,43.148
89623.20973231153,43135.73485693056,43.148
89625.07846768848,43132.917343069435,43.148
89623.20979469971,43135.734768447466,43.148
89623.1280053003,43135.67723155253,43.148
89621.8579946997,43137.65636844747,43.148
89621.7762053003,43137.59883155253,43.148
89621.8579946997,43137.65636844747,43.148
89623.1280053003,43135.67723155253,43.148
89621.86135472087,43137.650870579026,43.148
89621.77284527913,43137.604329420974,43.148
89620.64105472087,43139.97157057902,43.148
89620.55254527913,43139.92502942097,43.148
89620.64105472087,43139.97157057902,43.148
89621.77284527913,43137.604329420974,43.148
89620.63998944579,43139.97349269623,43.148
89620.55361055421,43139.923107303766,43.148
89618.44978944579,43143.72829269623,43.148
89618.36341055422,43143.67790730377,43.148
89618.44978944579,43143.72829269623,43.148
89620.55361055421,43139.923107303766,43.148
89618.44714427208,43143.7323602454,43.148
89618.36605572792,43143.6738397546,43.148
89616.93564427207,43145.8267602454,43.148
89616.85455572791,43145.7682397546,43.148
89616.93564427207,43145.8267602454,43.148
89618.36605572792,43143.6738397546,43.148
89616.93740515721,43145.82415095965,43.148
89616.85279484278,43145.77084904035,43.148
89615.07080515721,43148.787150959644,43.148
89614.98619484279,43148.73384904035,43.148
89615.07080515721,43148.787150959644,43.148
89616.85279484278,43145.77084904035,43.148
89615.06978351869,43148.788707642256,43.148
89614.98721648131,43148.73229235774,43.148
89613.99548351868,43150.361007642256,43.148
89613.9129164813,43150.30459235774,43.148
89613.99548351868,43150.361007642256,43.148
89614.98721648131,43148.73229235774,43.148
89613.99595962868,43150.36029787908,43.148
89613.9124403713,43150.30530212091,43.148
89613.03075962869,43151.826097879086,43.148
89612.94724037132,43151.77110212092,43.148
89613.03075962869,43151.826097879086,43.148
89613.9124403713,43150.30530212091,43.148
89613.0323665133,43151.82348665469,43.148
89612.9456334867,43151.77371334531,43.148
89612.2593665133,43153.17048665469,43.148
89612.1726334867,43153.12071334531,43.148
89612.2593665133,43153.17048665469,43.148
89612.9456334867,43151.77371334531,43.148
89612.26107038064,43153.167248577185,43.148
89612.17092961936,43153.12395142282,43.148
89611.81057038064,43154.10514857718,43.148
89611.72042961935,43154.06185142282,43.148
89611.81057038064,43154.10514857718,43.148
89612.17092961936,43153.12395142282,43.148
89611.80810918561,43154.10966213599,43.148
89611.72289081437,43154.05733786401,43.148
89611.18630918562,43155.12236213599,43.148
89611.10109081438,43155.07003786401,43.148
89611.18630918562,43155.12236213599,43.148
89611.72289081437,43154.05733786401,43.148
89611.1860248506,43155.12281967615,43.148
89611.1013751494,43155.06958032385,43.148
89610.1597248506,43156.754619676154,43.148
89610.0750751494,43156.70138032385,43.148
89610.1597248506,43156.754619676154,43.148
89611.1013751494,43155.06958032385,43.148
89610.16164282379,43156.75129318707,43.148
89610.07315717622,43156.70470681293,43.148
89609.71934282378,43157.59139318707,43.148
89609.6308571762,43157.544806812926,43.148
89609.71934282378,43157.59139318707,43.148
89610.07315717622,43156.70470681293,43.148
89609.7182643701,43157.59333563243,43.148
89609.63193562989,43157.54286436756,43.148
89609.2150643701,43158.454035632436,43.148
89609.1287356299,43158.40356436757,43.148
89609.2150643701,43158.454035632436,43.148
89609.63193562989,43157.54286436756,43.148
89609.2205383803,43158.44038912944,43.148
89609.12326161971,43158.41721087056,43.148
89608.6664383803,43160.76588912944,43.148
89608.56916161971,43160.74271087056,43.148
89608.6664383803,43160.76588912944,43.148
89609.12326161971,43158.41721087056,43.148
89608.66777185246,43160.75262251777,43.148
89608.56782814756,43160.75597748223,43.148
89608.75817185245,43163.44562251777,43.148
89608.65822814754,43163.44897748223,43.148
89608.75817185245,43163.44562251777,43.148
89608.56782814756,43160.75597748223,43.148
89608.75611883897,43163.43302467544,43.148
89608.66028116102,43163.46157532456,43.148
89609.44621883897,43165.74952467544,43.148
89609.35038116103,43165.77807532456,43.148
89609.44621883897,43165.74952467544,43.148
89608.66028116102,43163.46157532456,43.148
89609.4396031465,43165.73562110506,43.148
89609.3569968535,43165.791978894944,43.148
89610.8687031465,43167.83032110506,43.148
89610.7860968535,43167.886678894945,43.148
89610.8687031465,43167.83032110506,43.148
89609.3569968535,43165.791978894944,43.148
89610.86429992781,43167.82475988434,43.148
89610.79050007218,43167.89224011567,43.148
89611.59359992782,43168.622359884335,43.148
89611.51980007219,43168.689840115665,43.148
89611.59359992782,43168.622359884335,43.148
89610.79050007218,43167.89224011567,43.148
89611.58592459289,43168.61553002044,43.148
89611.52747540711,43168.69666997956,43.148
89613.10532459289,43169.71003002044,43.148
89613.04687540712,43169.79116997956,43.148
89613.10532459289,43169.71003002044,43.148
89611.52747540711,43168.69666997956,43.148
89613.09798777063,43169.70564529409,43.148
89613.05421222938,43169.79555470591,43.148
89614.96988777063,43170.617045294086,43.148
89614.92611222938,43170.70695470591,43.148
89614.96988777063,43170.617045294086,43.148
89613.05421222938,43169.79555470591,43.148
89614.95956978848,43170.61335701524,43.148
89614.93643021153,43170.710642984755,43.148
89616.83216978848,43171.05875701524,43.148
89616.80903021153,43171.15604298476,43.148
89616.83216978848,43171.05875701524,43.148
89614.93643021153,43170.710642984755,43.148
89616.81950274916,43171.057412039394,43.148
89616.82169725085,43171.15738796061,43.148
89618.68280274916,43171.016512039394,43.148
89618.68499725085,43171.11648796061,43.148
89618.68280274916,43171.016512039394,43.148
89616.82169725085,43171.15738796061,43.148
89618.67812084979,43171.016835108494,43.148
89618.68967915022,43171.11616489151,43.148
89620.62032084978,43170.79083510849,43.148
89620.63187915021,43170.890164891505,43.148
89620.62032084978,43170.79083510849,43.148
89618.68967915022,43171.11616489151,43.148
89620.60977261713,43170.79324096359,43.148
89620.64242738286,43170.887759036406,43.148
89621.78637261713,43170.38674096359,43.148
89621.81902738287,43170.48125903641,43.148
89621.78637261713,43170.38674096359,43.148
89620.64242738286,43170.887759036406,43.148
89621.77254296099,43170.39411826039,43.148
89621.83285703901,43170.473881739614,43.148
89622.83964296099,43169.587218260385,43.148
89622.89995703902,43169.66698173961,43.148
89622.83964296099,43169.587218260385,43.148
89621.83285703901,43170.473881739614,43.148
89622.83937351817,43169.587423443416,43.148
89622.90022648183,43169.66677655658,43.148
89623.96017351818,43168.72792344342,43.148
89624.02102648183,43168.80727655658,43.148
89623.96017351818,43168.72792344342,43.148
89622.90022648183,43169.66677655658,43.148
89623.95130233228,43168.73668571078,43.148
89624.02989766773,43168.79851428922,43.148
89624.62170233227,43167.884485710776,43.148
89624.70029766772,43167.94631428922,43.148
89624.62170233227,43167.884485710776,43.148
89624.02989766773,43168.79851428922,43.148
89624.61862836273,43167.888854859455,43.148
89624.70337163725,43167.94194514054,43.148
89625.19392836274,43166.97055485946,43.148
89625.27867163726,43167.02364514054,43.148
89625.19392836274,43166.97055485946,43.148
89624.70337163725,43167.94194514054,43.148
89625.1981419582,43166.964789567326,43.148
89625.27445804181,43167.029410432675,43.148
89625.80704195819,43166.245689567324,43.148
89625.8833580418,43166.31031043267,43.148
89625.80704195819,43166.245689567324,43.148
89625.27445804181,43167.029410432675,43.148
89625.8032091023,43166.2508565957,43.148
89625.88719089769,43166.30514340429,43.148
89626.5670091023,43165.06925659571,43.148
89626.65099089769,43165.1235434043,43.148
89626.5670091023,43165.06925659571,43.148
89625.88719089769,43166.30514340429,43.148
89626.56710905036,43165.06910259519,43.148
89626.65089094963,43165.123697404815,43.148
89628.15610905037,43162.630602595185,43.148
89628.23989094964,43162.68519740481,43.148
89628.15610905037,43162.630602595185,43.148
89626.65089094963,43165.123697404815,43.148
89628.15471757694,43162.63286738397,43.148
89628.24128242307,43162.68293261603,43.148
89630.06681757694,43159.326767383965,43.148
89630.15338242307,43159.37683261603,43.148
89630.06681757694,43159.326767383965,43.148
89628.24128242307,43162.68293261603,43.148
89630.06781205958,43159.3251217295,43.148
89630.15238794043,43159.3784782705,43.148
89631.82851205958,43156.5342217295,43.148
89631.91308794043,43156.5875782705,43.148
89631.82851205958,43156.5342217295,43.148
89630.15238794043,43159.3784782705,43.148
89631.82638493966,43156.53793693177,43.148
89631.91521506035,43156.58386306823,43.148
89632.70018493966,43154.84783693177,43.148
89632.78901506035,43154.89376306823,43.148
89632.70018493966,43154.84783693177,43.148
89631.91521506035,43156.58386306823,43.148
89632.69977525904,43154.848647288214,43.148
89632.78942474097,43154.89295271178,43.148
89634.15867525904,43151.89664728822,43.148
89634.24832474097,43151.94095271178,43.148
89634.15867525904,43151.89664728822,43.148
89632.78942474097,43154.89295271178,43.148
89634.15936451525,43151.89530406027,43.148
89634.24763548476,43151.94229593973,43.148
89635.09216451524,43150.14310406027,43.148
89635.18043548476,43150.190095939724,43.148
89635.09216451524,43150.14310406027,43.148
89634.24763548476,43151.94229593973,43.148
89635.09194038688,43150.14353000252,43.148
89635.18065961312,43150.189669997475,43.148
89636.50824038687,43147.42023000252,43.148
89636.59695961312,43147.46636999748,43.148
89636.50824038687,43147.42023000252,43.148
89635.18065961312,43150.189669997475,43.148
89636.50931537454,43147.4182711927,43.148
89636.59588462545,43147.4683288073,43.148
89637.72731537455,43145.3118711927,43.148
89637.81388462546,43145.3619288073,43.148
89637.72731537455,43145.3118711927,43.148
89636.59588462545,43147.4683288073,43.148
89637.7292443299,43145.308798245394,43.148
89637.81195567011,43145.36500175461,43.148
89639.0656443299,43143.34209824539,43.148
89639.14835567011,43143.398301754605,43.148
89639.0656443299,43143.34209824539,43.148
89637.81195567011,43145.36500175461,43.148
89639.06370916373,43143.345181936435,43.148
89639.15029083627,43143.39521806356,43.148
89640.01060916373,43141.70668193643,43.148
89640.09719083627,43141.75671806356,43.148
89640.01060916373,43141.70668193643,43.148
89639.15029083627,43143.39521806356,43.148
89640.01055889318,43141.70676912462,43.148
89640.09724110682,43141.756630875374,43.148
89640.45215889318,43140.93906912462,43.148
89640.53884110683,43140.98893087538,43.148
89640.45215889318,43140.93906912462,43.148
89640.09724110682,43141.756630875374,43.148
89640.45464605199,43140.93517371218,43.148
89640.53635394802,43140.99282628782,43.148
89640.95794605199,43140.22187371218,43.148
89641.03965394801,43140.27952628781,43.148
89640.95794605199,43140.22187371218,43.148
89640.53635394802,43140.99282628782,43.148
89640.96780890721,43140.21146287271,43.148
89641.02979109279,43140.28993712729,43.148
89641.4836089072,43139.80406287271,43.1478
89641.54559109278,43139.88253712729,43.1478
89641.4836089072,43139.80406287271,43.1478
89641.02979109279,43140.28993712729,43.148
89641.4921625285,43139.7986171181,43.1478
89641.53703747148,43139.887982881904,43.1478
89642.02726252851,43139.529917118096,43.1475
89642.07213747149,43139.619282881904,43.1475
89642.02726252851,43139.529917118096,43.1475
89641.53703747148,43139.887982881904,43.1478
89642.04323099605,43139.525020244786,43.1475
89642.05616900396,43139.624179755214,43.1475
89642.76903099605,43139.430320244785,43.1473
89642.78196900396,43139.52947975521,43.1473
89642.76903099605,43139.430320244785,43.1473
89642.05616900396,43139.624179755214,43.1475
89642.79178851617,43139.432627552545,43.1473
89642.75921148383,43139.52717244745,43.1473
89643.40008851617,43139.64222755255,43.147
89643.36751148383,43139.73677244745,43.147
89643.40008851617,43139.64222755255,43.147
89642.75921148383,43139.52717244745,43.1473
89643.41074939117,43139.64738431999,43.147
89643.35685060882,43139.73161568001,43.147
89643.95474939118,43139.995484319996,43.1468
89643.90085060883,43140.07971568001,43.1468
89643.95474939118,43139.995484319996,43.1468
89643.35685060882,43139.73161568001,43.147
89643.96944030316,43140.00992175429,43.1468
89643.88615969685,43140.06527824572,43.1468
89644.28464030316,43140.484121754285,43.1465
89644.20135969685,43140.539478245715,43.1465
89644.28464030316,43140.484121754285,43.1465
89643.88615969685,43140.06527824572,43.1468
89644.29007633626,43140.49495307771,43.1465
89644.19592366375,43140.52864692229,43.1465
89644.50987633625,43141.109153077705,43.1463
89644.41572366374,43141.14284692229,43.1463
89644.50987633625,43141.109153077705,43.1463
89644.19592366375,43140.52864692229,43.1465
89644.5125828342,43141.13065506136,43.1463
89644.41301716579,43141.121344938634,43.1463
89644.4559828342,43141.73595506136,43.146
89644.35641716579,43141.72664493864,43.146
89644.4559828342,43141.73595506136,43.146
89644.41301716579,43141.121344938634,43.1463
89644.4557332755,43141.73811576143,43.146
89644.35666672449,43141.72448423857,43.146
89644.38843327551,43142.22721576143,43.1465
89644.2893667245,43142.21358423857,43.1465
89644.38843327551,43142.22721576143,43.1465
89644.35666672449,43141.72448423857,43.146
89644.38387016437,43142.242255995385,43.1465
89644.29392983564,43142.19854400461,43.1465
89644.04687016437,43142.93565599539,43.147
89643.95692983564,43142.891944004616,43.147
89644.04687016437,43142.93565599539,43.147
89644.29392983564,43142.19854400461,43.1465
89644.03772786078,43142.94867641565,43.147
89643.96607213923,43142.87892358435,43.147
89643.55752786077,43143.44197641565,43.1475
89643.48587213922,43143.372223584345,43.1475
89643.55752786077,43143.44197641565,43.1475
89643.96607213923,43142.87892358435,43.147
89643.56399376677,43143.43376903178,43.1475
89643.47940623322,43143.38043096822,43.1475
89641.04639376678,43147.42636903178,43.1478
89640.96180623323,43147.37303096822,43.1478
89641.04639376678,43147.42636903178,43.1478
89643.47940623322,43143.38043096822,43.1475
89641.04631700493,43147.42649038088,43.1478
89640.96188299508,43147.372909619124,43.1478
89639.25671700493,43150.24659038088,43.1479
89639.17228299507,43150.19300961912,43.1479
89639.25671700493,43150.24659038088,43.1479
89640.96188299508,43147.372909619124,43.1478
89639.25671688572,43150.24659057161,43.1479
89639.17228311428,43150.19300942839,43.1479
89637.83871688572,43152.48109057161,43.148
89637.75428311428,43152.42750942839,43.148
89637.83871688572,43152.48109057161,43.148
89639.17228311428,43150.19300942839,43.1479
89637.83920386461,43152.48030730696,43.148
89637.75379613538,43152.42829269303,43.148
89636.19090386461,43155.18680730696,43.148
89636.10549613538,43155.13479269303,43.148
89636.19090386461,43155.18680730696,43.148
89637.75379613538,43152.42829269303,43.148
89636.19064131509,43155.187233593424,43.148
89636.1057586849,43155.13436640657,43.148
89633.73994131509,43159.12203359343,43.148
89633.6550586849,43159.069166406574,43.148
89633.73994131509,43159.12203359343,43.148
89636.1057586849,43155.13436640657,43.148
89633.73970897618,43159.122403031964,43.148
89633.65529102381,43159.06879696804,43.148
89632.21530897619,43161.523003031965,43.148
89632.13089102381,43161.46939696804,43.148
89632.21530897619,43161.523003031965,43.148
89633.65529102381,43159.06879696804,43.148
89632.21532185972,43161.522982730625,43.148
89632.13087814028,43161.46941726938,43.148
89630.04812185973,43164.939482730624,43.148
89629.96367814028,43164.88591726938,43.148
89630.04812185973,43164.939482730624,43.148
89632.13087814028,43161.46941726938,43.148
89630.04759222179,43164.94029997886,43.148
89629.96420777822,43164.88510002114,43.148
89628.66879222178,43167.023099978855,43.148
89628.58540777821,43166.96790002114,43.148
89628.66879222178,43167.023099978855,43.148
89629.96420777822,43164.88510002114,43.148
89628.66931754137,43167.022289534485,43.148
89628.58488245863,43166.96871046551,43.148
89627.71341754137,43168.52868953449,43.148
89627.62898245863,43168.475110465515,43.148
89627.71341754137,43168.52868953449,43.148
89628.58488245863,43166.96871046551,43.148
89627.71259825167,43168.52993898794,43.148
89627.62980174832,43168.47386101207,43.148
89626.78889825167,43169.893738987936,43.148
89626.70610174832,43169.83766101207,43.148
89626.78889825167,43169.893738987936,43.148
89627.62980174832,43168.47386101207,43.148
89626.79047697011,43169.891253477195,43.148
89626.70452302988,43169.84014652281,43.148
89626.27437697012,43170.75925347719,43.148
89626.18842302989,43170.708146522804,43.148
89626.27437697012,43170.75925347719,43.148
89626.70452302988,43169.84014652281,43.148
89626.26920825493,43170.76641904338,43.148
89626.19359174508,43170.700980956615,43.148
89625.75680825493,43171.35851904338,43.148
89625.68119174507,43171.29308095662,43.148
89625.75680825493,43171.35851904338,43.148
89626.19359174508,43170.700980956615,43.148
89625.74977267454,43171.365208663505,43.148
89625.68822732546,43171.28639133649,43.148
89625.25237267454,43171.75360866351,43.148
89625.19082732547,43171.674791336496,43.148
89625.25237267454,43171.75360866351,43.148
89625.68822732546,43171.28639133649,43.148
89625.25460589075,43171.75175810615,43.148
89625.18859410926,43171.67664189386,43.148
89624.85610589074,43172.10195810615,43.148
89624.79009410925,43172.02684189386,43.148
89624.85610589074,43172.10195810615,43.148
89625.18859410926,43171.67664189386,43.148
89624.84415854632,43172.109749065145,43.148
89624.80204145367,43172.01905093486,43.148
89624.44145854632,43172.29674906514,43.148
89624.39934145368,43172.20605093486,43.148
89624.44145854632,43172.29674906514,43.148
89624.80204145367,43172.01905093486,43.148
89624.43647610309,43172.29874510552,43.148
89624.40432389692,43172.20405489448,43.148
89623.90577610309,43172.478945105526,43.148
89623.87362389691,43172.38425489448,43.148
89623.90577610309,43172.478945105526,43.148
89624.40432389692,43172.20405489448,43.148
89623.90087086875,43172.48033614384,43.148
89623.87852913125,43172.38286385617,43.148
89623.52567086875,43172.566336143835,43.148
89623.50332913126,43172.468863856164,43.148
89623.52567086875,43172.566336143835,43.148
89623.87852913125,43172.38286385617,43.148
89623.5228449283,43172.566898704405,43.148
89623.50615507171,43172.468301295594,43.148
89623.1199449283,43172.635098704406,43.148
89623.1032550717,43172.536501295595,43.148
89623.1199449283,43172.635098704406,43.148
89623.50615507171,43172.468301295594,43.148
89623.11794476924,43172.63539580674,43.148
89623.10525523077,43172.53620419326,43.148
89622.24324476924,43172.74729580674,43.148
89622.23055523077,43172.64810419326,43.148
89622.24324476924,43172.74729580674,43.148
89623.10525523077,43172.53620419326,43.148
89622.24853041908,43172.74632852467,43.148
89622.22526958093,43172.64907147532,43.148
89621.17063041907,43173.00412852467,43.148
89621.14736958093,43172.90687147532,43.148
89621.17063041907,43173.00412852467,43.148
89622.22526958093,43172.64907147532,43.148
89621.17361937897,43173.00331499576,43.148
89621.14438062103,43172.90768500423,43.148
89620.08121937898,43173.33731499576,43.148
89620.05198062104,43173.241685004235,43.148
89620.08121937898,43173.33731499576,43.148
89621.14438062103,43172.90768500423,43.148
89620.08431420714,43173.33625689111,43.148
89620.04888579287,43173.24274310889,43.148
89618.93401420713,43173.77205689111,43.148
89618.89858579286,43173.67854310889,43.148
89618.93401420713,43173.77205689111,43.148
89620.04888579287,43173.24274310889,43.148
89618.94152949912,43173.76846795533,43.148
89618.89107050087,43173.68213204467,43.148
89618.18012949912,43174.21346795533,43.148
89618.12967050087,43174.12713204467,43.148
89618.18012949912,43174.21346795533,43.148
89618.89107050087,43173.68213204467,43.148
89618.18070446639,43174.21312673959,43.148
89618.1290955336,43174.12747326041,43.148
89617.7462044664,43174.47492673959,43.148
89617.69459553361,43174.38927326041,43.148
89617.7462044664,43174.47492673959,43.148
89618.1290955336,43174.12747326041,43.148
89617.75173195984,43174.47106547614,43.148
89617.68906804017,43174.39313452386,43.148
89617.24383195983,43174.87946547614,43.148
89617.18116804016,43174.80153452386,43.148
89617.24383195983,43174.87946547614,43.148
89617.68906804017,43174.39313452386,43.148
89617.25155856965,43174.871715835085,43.148
89617.17344143034,43174.80928416491,43.148
89616.82885856966,43175.40061583509,43.148
89616.75074143034,43175.33818416492,43.148
89616.82885856966,43175.40061583509,43.148
89617.17344143034,43174.80928416491,43.148
89616.83094785553,43175.39780517802,43.148
89616.74865214447,43175.340994821985,43.148
89616.36884785553,43176.06720517802,43.148
89616.28655214446,43176.010394821984,43.148
89616.36884785553,43176.06720517802,43.148
89616.74865214447,43175.340994821985,43.148
89616.37152114177,43176.0628771178,43.148
89616.28387885822,43176.0147228822,43.148
89615.87532114178,43176.9659771178,43.148
89615.78767885822,43176.9178228822,43.148
89615.87532114178,43176.9659771178,43.148
89616.28387885822,43176.0147228822,43.148
89615.88149912456,43176.942196152086,43.148
89615.78150087544,43176.94160384791,43.148
89615.87859912455,43177.43179615209,43.148
89615.77860087543,43177.43120384791,43.148
89615.87859912455,43177.43179615209,43.148
89615.78150087544,43176.94160384791,43.148
89615.87796648382,43177.43943412787,43.148
89615.77923351616,43177.42356587213,43.148
89615.75546648382,43178.20163412787,43.148
89615.65673351617,43178.185765872135,43.148
89615.75546648382,43178.20163412787,43.148
89615.77923351616,43177.42356587213,43.148
89615.75465799449,43178.205621466324,43.148
89615.6575420055,43178.18177853368,43.148
89615.57695799449,43178.929421466324,43.148
89615.4798420055,43178.90557853368,43.148
89615.57695799449,43178.929421466324,43.148
89615.6575420055,43178.18177853368,43.148
89615.57396397565,43178.93808941604,43.148
89615.48283602434,43178.896910583964,43.148
89615.25656397565,43179.64048941604,43.148
89615.16543602434,43179.59931058396,43.148
89615.25656397565,43179.64048941604,43.148
89615.48283602434,43178.896910583964,43.148
89615.25861483441,43179.63515868647,43.148
89615.16338516558,43179.60464131353,43.148
89615.06111483442,43180.25145868647,43.148
89614.96588516558,43180.22094131353,43.148
89615.06111483442,43180.25145868647,43.148
89615.16338516558,43179.60464131353,43.148
89615.06335361472,43180.240023224884,43.148
89614.96364638528,43180.232376775115,43.148
89615.01295361471,43180.897223224885,43.148
89614.91324638527,43180.88957677512,43.148
89615.01295361471,43180.897223224885,43.148
89614.96364638528,43180.232376775115,43.148
89615.0129545654,43180.88958917698,43.148
89614.91324543458,43180.89721082302,43.148
89615.05545456542,43181.445589176976,43.148
89614.95574543459,43181.45321082302,43.148
89615.05545456542,43181.445589176976,43.148
89614.91324543458,43180.89721082302,43.148
89615.05469076765,43181.43990807939,43.148
89614.95650923236,43181.45889192061,43.148
89615.17049076765,43182.03880807939,43.148
89615.07230923236,43182.05779192061,43.148
89615.17049076765,43182.03880807939,43.148
89614.95650923236,43181.45889192061,43.148
89615.17115315406,43182.04333777094,43.148
89615.07164684594,43182.05326222906,43.148
89615.27355315407,43183.070037770936,43.148
89615.17404684595,43183.07996222906,43.148
89615.27355315407,43183.070037770936,43.148
89615.07164684594,43182.05326222906,43.148
89615.27303257008,43183.066273362805,43.148
89615.17456742993,43183.08372663719,43.148
89615.47283257007,43184.19347336281,43.148
89615.37436742992,43184.21092663719,43.148
89615.47283257007,43184.19347336281,43.148
89615.17456742993,43183.08372663719,43.148
89615.46792335561,43184.17906041857,43.148
89615.37927664438,43184.225339581426,43.148
89615.93052335561,43185.06516041858,43.148
89615.84187664438,43185.11143958143,43.148
89615.93052335561,43185.06516041858,43.148
89615.37927664438,43184.225339581426,43.148
89615.92648360605,43185.05868191215,43.148
89615.84591639394,43185.11791808785,43.148
89616.67488360606,43186.07658191215,43.148
89616.59431639395,43186.13581808785,43.148
89616.67488360606,43186.07658191215,43.148
89615.84591639394,43185.11791808785,43.148
89616.66751470458,43186.06856195806,43.148
89616.60168529543,43186.14383804194,43.148
89618.59191470456,43187.75146195806,43.148
89618.52608529542,43187.82673804194,43.148
89618.59191470456,43187.75146195806,43.148
89616.60168529543,43186.14383804194,43.148
89618.58892727204,43187.749045555924,43.148
89618.52907272795,43187.82915444408,43.148
89621.16372727204,43189.67284555592,43.148
89621.10387272795,43189.75295444408,43.148
89621.16372727204,43189.67284555592,43.148
89618.52907272795,43187.82915444408,43.148
89621.16206300305,43189.67165436006,43.148
89621.10553699694,43189.754145639934,43.148
89623.45076300306,43191.23995436006,43.148
89623.39423699694,43191.32244563993,43.148
89623.45076300306,43191.23995436006,43.148
89621.10553699694,43189.754145639934,43.148
89623.44655567652,43191.237367083326,43.148
89623.39844432348,43191.32503291667,43.148
89624.74665567651,43191.95086708333,43.148
89624.69854432347,43192.038532916675,43.148
89624.74665567651,43191.95086708333,43.148
89623.39844432348,43191.32503291667,43.148
89624.74226611623,43191.9487299677,43.148
89624.70293388376,43192.04067003231,43.148
89625.80186611624,43192.40202996769,43.148
89625.76253388377,43192.4939700323,43.148
89625.80186611624,43192.40202996769,43.148
89624.70293388376,43192.04067003231,43.148
89625.79931420443,43192.401020172605,43.148
89625.76508579557,43192.49497982739,43.148
89626.87291420443,43192.792120172606,43.148
89626.83868579558,43192.88607982739,43.148
89626.87291420443,43192.792120172606,43.148
89625.76508579557,43192.49497982739,43.148
89626.86371575846,43192.78973056872,43.148
89626.84788424155,43192.88846943127,43.148
89628.22771575846,43193.00843056873,43.148
89628.21188424155,43193.10716943128,43.148
89628.22771575846,43193.00843056873,43.148
89626.84788424155,43192.88846943127,43.148
89628.21503267367,43193.00802779331,43.148
89628.22456732634,43193.107572206696,43.148
89630.02433267367,43192.834727793306,43.148
89630.03386732633,43192.934272206694,43.148
89630.02433267367,43192.834727793306,43.148
89628.22456732634,43193.107572206696,43.148
89630.02304916138,43192.8348674768,43.148
89630.03515083862,43192.9341325232,43.148
89631.35514916138,43192.6724674768,43.148
89631.36725083862,43192.7717325232,43.148
89631.35514916138,43192.6724674768,43.148
89630.03515083862,43192.9341325232,43.148
89631.34422665775,43192.675069097386,43.148
89631.37817334225,43192.76913090261,43.148
89632.64542665775,43192.20546909739,43.148
89632.67937334225,43192.299530902616,43.148
89632.64542665775,43192.20546909739,43.148
89631.37817334225,43192.76913090261,43.148
89632.6405776738,43192.207513489055,43.148
89632.6842223262,43192.29748651095,43.148
89634.01847767379,43191.53911348905,43.148
89634.0621223262,43191.62908651095,43.148
89634.01847767379,43191.53911348905,43.148
89632.6842223262,43192.29748651095,43.148
89634.00954245907,43191.544679528815,43.148
89634.07105754092,43191.623520471185,43.148
89635.67274245908,43190.24697952881,43.148
89635.73425754093,43190.32582047118,43.148
89635.67274245908,43190.24697952881,43.148
89634.07105754092,43191.623520471185,43.148
89635.66504308858,43190.254445874954,43.148
89635.74195691143,43190.31835412504,43.148
89636.79524308858,43188.89424587496,43.148
89636.87215691143,43188.958154125045,43.148
89636.79524308858,43188.89424587496,43.148
89635.74195691143,43190.31835412504,43.148
89636.7924194824,43188.897987964876,43.148
89636.8749805176,43188.95441203513,43.148
89637.62311948239,43187.68248796488,43.148
89637.7056805176,43187.73891203513,43.148
89637.62311948239,43187.68248796488,43.148
89636.8749805176,43188.95441203513,43.148
89637.62280131578,43187.68295924689,43.148
89637.7059986842,43187.73844075311,43.148
89638.62590131578,43186.17875924689,43.148
89638.70909868421,43186.23424075311,43.148
89638.62590131578,43186.17875924689,43.148
89637.7059986842,43187.73844075311,43.148
89638.62387178653,43186.18207503098,43.148
89638.71112821346,43186.23092496902,43.148
89639.12437178654,43185.28807503098,43.148
89639.21162821347,43185.33692496902,43.148
89639.12437178654,43185.28807503098,43.148
89638.71112821346,43186.23092496902,43.148
89639.12793653774,43185.28258480385,43.148
89639.20806346227,43185.34241519615,43.148
89639.72103653774,43184.48828480385,43.148
89639.80116346227,43184.54811519615,43.148
89639.72103653774,43184.48828480385,43.148
89639.20806346227,43185.34241519615,43.148
89639.72560818426,43184.48298166528,43.148
89639.79659181574,43184.55341833472,43.148
89640.18920818427,43184.01578166528,43.148
89640.26019181575,43184.08621833472,43.148
89640.18920818427,43184.01578166528,43.148
89639.79659181574,43184.55341833472,43.148
89640.20355471999,43184.00569131104,43.148
89640.24584528002,43184.09630868896,43.148
89640.69595471998,43183.77589131104,43.148
89640.73824528001,43183.86650868896,43.148
89640.69595471998,43183.77589131104,43.148
89640.24584528002,43184.09630868896,43.148
89640.7073091293,43183.77216798168,43.148
89640.72689087069,43183.870232018315,43.148
89641.7805091293,43183.55786798168,43.148
89641.80009087069,43183.655932018315,43.148
89641.7805091293,43183.55786798168,43.148
89640.72689087069,43183.870232018315,43.148
89641.79533990806,43183.55715465414,43.148
89641.78526009193,43183.65664534586,43.148
89642.68563990807,43183.64735465414,43.148
89642.67556009194,43183.74684534586,43.148
89642.68563990807,43183.64735465414,43.148
89641.78526009193,43183.65664534586,43.148
89642.69088268056,43183.648168758235,43.148
89642.67031731945,43183.74603124176,43.148
89643.94858268055,43183.91246875824,43.148
89643.92801731944,43184.01033124176,43.148
89643.94858268055,43183.91246875824,43.148
89642.67031731945,43183.74603124176,43.148
89643.96071754118,43183.91670711644,43.148
89643.91588245881,43184.00609288356,43.148
89644.58931754119,43184.23200711644,43.148
89644.54448245882,43184.32139288356,43.148
89644.58931754119,43184.23200711644,43.148
89643.91588245881,43184.00609288356,43.148
89644.59396446093,43184.23465817611,43.148
89644.53983553908,43184.318741823896,43.148
89645.32126446093,43184.702858176104,43.148
89645.26713553908,43184.78694182389,43.148
89645.32126446093,43184.702858176104,43.148
89644.53983553908,43184.318741823896,43.148
89645.32696958515,43184.707135542565,43.148
89645.26143041486,43184.78266445743,43.148
89646.16846958514,43185.43733554257,43.148
89646.10293041485,43185.512864457436,43.148
89646.16846958514,43185.43733554257,43.148
89645.26143041486,43184.78266445743,43.148
89646.16277598547,43185.43306559689,43.148
89646.10862401452,43185.51713440312,43.148
89647.88507598547,43186.54246559688,43.148
89647.83092401452,43186.62653440311,43.148
89647.88507598547,43186.54246559688,43.148
89646.10862401452,43185.51713440312,43.148
89647.88507723121,43186.54246639856,43.148
89647.83092276877,43186.62653360143,43.148
89651.23677723123,43188.701566398566,43.148
89651.18262276879,43188.78563360144,43.148
89651.23677723123,43188.701566398566,43.148
89647.83092276877,43186.62653360143,43.148
89651.236776662,43188.701566032,43.148
89651.18262333801,43188.785633968,43.148
89653.55327666199,43190.193766032,43.148
89653.499123338,43190.277833968,43.148
89653.55327666199,43190.193766032,43.148
89651.18262333801,43188.785633968,43.148
89653.55250353311,43190.19327795638,43.148
89653.49989646688,43190.278322043625,43.148
89655.99630353312,43191.704977956375,43.148
89655.94369646689,43191.79002204362,43.148
89655.99630353312,43191.704977956375,43.148
89653.49989646688,43190.278322043625,43.148
89656.00020058021,43191.70765122175,43.148
89655.9397994198,43191.78734877824,43.148
89657.11700058021,43192.554051221756,43.148
89657.0565994198,43192.633748778244,43.148
89657.11700058021,43192.554051221756,43.148
89655.9397994198,43191.78734877824,43.148
89657.10413478632,43192.54700111572,43.148
89657.06946521369,43192.64079888428,43.148
89658.44253478631,43193.041701115726,43.148
89658.40786521368,43193.13549888428,43.148
89658.44253478631,43193.041701115726,43.148
89657.06946521369,43192.64079888428,43.148
89658.42519742188,43193.03859999926,43.148
89658.42520257812,43193.13860000075,43.148
89660.36459742188,43193.03849999925,43.148
89660.36460257812,43193.13850000074,43.148
89660.36459742188,43193.03849999925,43.148
89658.42520257812,43193.13860000075,43.148
89660.35577899673,43193.03928425036,43.148
89660.37342100327,43193.13771574964,43.148
89661.63847899673,43192.80938425036,43.148
89661.65612100327,43192.90781574964,43.148
89661.63847899673,43192.80938425036,43.148
89660.37342100327,43193.13771574964,43.148
89661.62321759378,43192.81478176395,43.148
89661.67138240622,43192.90241823605,43.148
89662.81681759378,43192.158781763945,43.148
89662.86498240622,43192.24641823605,43.148
89662.81681759378,43192.158781763945,43.148
89661.67138240622,43192.90241823605,43.148
89662.80310677736,43192.169863590796,43.148
89662.87869322264,43192.2353364092,43.148
89663.73920677736,43191.0891635908,43.148
89663.81479322264,43191.1546364092,43.148
89663.73920677736,43191.0891635908,43.148
89662.87869322264,43192.2353364092,43.148
89663.73581746947,43191.093545119365,43.148
89663.81818253054,43191.15025488063,43.148
89664.80611746946,43189.53904511937,43.148
89664.88848253053,43189.59575488063,43.148
89664.80611746946,43189.53904511937,43.148
89663.81818253054,43191.15025488063,43.148
89664.80552090444,43189.53993170569,43.148
89664.88907909555,43189.59486829431,43.148
89666.10592090445,43187.56203170569,43.148
89666.18947909556,43187.616968294315,43.148
89666.10592090445,43187.56203170569,43.148
89664.88907909555,43189.59486829431,43.148
89666.10536612228,43187.56289468261,43.148
89666.19003387772,43187.61610531739,43.148
89667.54316612228,43185.27509468261,43.148
89667.62783387772,43185.328305317395,43.148
89667.54316612228,43185.27509468261,43.148
89666.19003387772,43187.61610531739,43.148
89667.54214754148,43185.276788868665,43.148
89667.62885245853,43185.32661113134,43.148
89668.69494754147,43183.27058886866,43.148
89668.78165245852,43183.32041113134,43.148
89668.69494754147,43183.27058886866,43.148
89667.62885245853,43185.32661113134,43.148
89668.69126691883,43183.278532695695,43.148
89668.78533308116,43183.312467304306,43.148
89669.14956691883,43182.00813269569,43.148
89669.24363308116,43182.042067304305,43.148
89669.14956691883,43182.00813269569,43.148
89668.78533308116,43183.312467304306,43.148
89669.14682457167,43182.02036642852,43.148
89669.24637542832,43182.029833571476,43.148
89669.25392457168,43180.89416642852,43.148
89669.35347542833,43180.90363357148,43.148
89669.25392457168,43180.89416642852,43.148
89669.24637542832,43182.029833571476,43.148
89669.25534895284,43180.91163484845,43.148
89669.35205104717,43180.88616515155,43.148
89668.92914895283,43179.67313484845,43.148
89669.02585104716,43179.64766515155,43.148
89668.92914895283,43179.67313484845,43.148
89669.35205104717,43180.88616515155,43.148
89668.9322537767,43179.68167861412,43.148
89669.02274622329,43179.63912138588,43.148
89668.4305537767,43178.61487861412,43.148
89668.5210462233,43178.57232138588,43.148
89668.4305537767,43178.61487861412,43.148
89669.02274622329,43179.63912138588,43.148
89668.43460449352,43178.62193602173,43.148
89668.51699550648,43178.56526397827,43.148
89667.79470449353,43177.69163602173,43.148
89667.87709550648,43177.63496397827,43.148
89667.79470449353,43177.69163602173,43.148
89668.51699550648,43178.56526397827,43.148
89667.79861248107,43177.69661127515,43.148
89667.87318751894,43177.62998872485,43.148
89666.65591248106,43176.41751127515,43.148
89666.73048751893,43176.35088872485,43.148
89666.65591248106,43176.41751127515,43.148
89667.87318751894,43177.62998872485,43.148
89666.66334463499,43176.424308070375,43.148
89666.723055365,43176.344091929626,43.148
89665.792544635,43175.77610807037,43.148
89665.85225536501,43175.69589192962,43.148
89665.792544635,43175.77610807037,43.148
89666.723055365,43176.344091929626,43.148
89665.79261839276,43175.7761628679,43.148
89665.85218160725,43175.695837132094,43.148
89664.86681839275,43175.089662867904,43.148
89664.92638160723,43175.0093371321,43.148
89664.86681839275,43175.089662867904,43.148
89665.85218160725,43175.695837132094,43.148
89664.87062589281,43175.09222406761,43.148
89664.92257410717,43175.006775932394,43.148
89663.09712589282,43174.014024067605,43.148
89663.14907410718,43173.92857593239,43.148
89663.09712589282,43174.014024067605,43.148
89664.92257410717,43175.006775932394,43.148
89663.0983233442,43174.01472945283,43.148
89663.1478766558,43173.927870547166,43.148
89661.4920233442,43173.098329452834,43.148
89661.5415766558,43173.01147054717,43.148
89661.4920233442,43173.098329452834,43.148
89663.1478766558,43173.927870547166,43.148
89661.49202482388,43173.098330296234,43.148
89661.54157517612,43173.01146970377,43.148
89659.75482482387,43172.10733029623,43.148
89659.80437517611,43172.02046970377,43.148
89659.75482482387,43172.10733029623,43.148
89661.54157517612,43173.01146970377,43.148
89659.75776398259,43172.108879868014,43.148
89659.8014360174,43172.01892013199,43.148
89658.0140639826,43171.262379868014,43.148
89658.0577360174,43171.17242013199,43.148
89658.0140639826,43171.262379868014,43.148
89659.8014360174,43172.01892013199,43.148
89658.0183606118,43171.26422275127,43.148
89658.05343938821,43171.17057724873,43.148
89656.12296061178,43170.55422275127,43.148
89656.1580393882,43170.460577248734,43.148
89656.12296061178,43170.55422275127,43.148
89658.05343938821,43171.17057724873,43.148
89656.13645107653,43170.55723579293,43.148
89656.14454892346,43170.45756420708,43.148
89654.65575107653,43170.436935792924,43.148
89654.66384892346,43170.337264207075,43.148
89654.65575107653,43170.436935792924,43.148
89656.14454892346,43170.45756420708,43.148
89654.65313590036,43170.43665390766,43.148
89654.66646409963,43170.33754609234,43.148
89653.32953590037,43170.25865390766,43.148
89653.34286409964,43170.15954609234,43.148
89653.32953590037,43170.25865390766,43.148
89654.66646409963,43170.33754609234,43.148
89653.33280233479,43170.25898442734,43.148
89653.33959766522,43170.15921557266,43.148
89651.95710233478,43170.16528442734,43.148
89651.96389766522,43170.06551557266,43.148
89651.95710233478,43170.16528442734,43.148
89653.33959766522,43170.15921557266,43.148
89651.95434101508,43170.16501921945,43.148
89651.96665898492,43170.065780780555,43.148
89650.29714101508,43169.959319219444,43.148
89650.30945898492,43169.86008078055,43.148
89650.29714101508,43169.959319219444,43.148
89651.96665898492,43170.065780780555,43.148
89650.29045893755,43169.95802294655,43.148
89650.31614106245,43169.86137705344,43.148
89649.37525893755,43169.71482294655,43.148
89649.40094106244,43169.618177053446,43.148
89649.37525893755,43169.71482294655,43.148
89650.31614106245,43169.86137705344,43.148
89649.36826792058,43169.712398679585,43.148
89649.40793207941,43169.620601320414,43.148
89648.78666792059,43169.46109867959,43.148
89648.82633207942,43169.36930132042,43.148
89648.78666792059,43169.46109867959,43.148
89649.40793207941,43169.620601320414,43.148
89648.76826580134,43169.44742027469,43.148
89648.84473419868,43169.38297972531,43.148
89648.35626580133,43168.95852027469,43.148
89648.43273419866,43168.89407972531,43.148
89648.35626580133,43168.95852027469,43.148
89648.84473419868,43169.38297972531,43.148
89648.34685829282,43168.941474576866,43.148
89648.44214170717,43168.91112542313,43.148
89648.16845829283,43168.381374576864,43.148
89648.26374170718,43168.35102542313,43.148
89648.16845829283,43168.381374576864,43.148
89648.44214170717,43168.91112542313,43.148
89648.16623346896,43168.36254910779,43.148
89648.26596653105,43168.3698508922,43.148
89648.22923346896,43167.502049107796,43.148
89648.32896653104,43167.50935089221,43.148
89648.22923346896,43167.502049107796,43.148
89648.26596653105,43168.3698508922,43.148
89648.23107399188,43167.491789476735,43.148
89648.32712600812,43167.51961052327,43.148
89648.37737399187,43166.98668947673,43.148
89648.47342600812,43167.014510523266,43.148
89648.37737399187,43166.98668947673,43.148
89648.32712600812,43167.51961052327,43.148
89648.38572340467,43166.97017356586,43.148
89648.46507659531,43167.03102643414,43.148
89648.75412340468,43166.48977356586,43.148
89648.83347659532,43166.55062643414,43.148
89648.75412340468,43166.48977356586,43.148
89648.46507659531,43167.03102643414,43.148
89648.77617184856,43166.47341059455,43.148
89648.81142815144,43166.566989405444,43.148
89649.36727184856,43166.250710594555,43.148
89649.40252815145,43166.344289405446,43.148
89649.36727184856,43166.250710594555,43.148
89648.81142815144,43166.566989405444,43.148
89649.37338049027,43166.248845082395,43.148
89649.39641950974,43166.346154917606,43.148
89650.26458049027,43166.03784508239,43.148
89650.28761950973,43166.1351549176,43.148
89650.26458049027,43166.03784508239,43.148
89649.39641950974,43166.346154917606,43.148
89650.25615116702,43166.04065194562,43.148
89650.29604883298,43166.13234805437,43.148
89652.10305116703,43165.23705194562,43.148
89652.14294883299,43165.32874805437,43.148
89652.10305116703,43165.23705194562,43.148
89650.29604883298,43166.13234805437,43.148
89652.10431572875,43165.23652222424,43.148
89652.14168427126,43165.32927777576,43.148
89653.88751572874,43164.51812222424,43.148
89653.92488427125,43164.61087777576,43.148
89653.88751572874,43164.51812222424,43.148
89652.14168427126,43165.32927777576,43.148
89653.89313366478,43164.516237477656,43.148
89653.91926633522,43164.612762522345,43.148
89655.07473366478,43164.19633747765,43.148
89655.10086633521,43164.29286252234,43.148
89655.07473366478,43164.19633747765,43.148
89653.91926633522,43164.612762522345,43.148
89655.06900288076,43164.19826784861,43.148
89655.10659711923,43164.29093215139,43.148
89655.92110288076,43163.85256784861,43.148
89655.95869711923,43163.94523215139,43.148
89655.92110288076,43163.85256784861,43.148
89655.10659711923,43164.29093215139,43.148
89655.91874447095,43163.853596097295,43.148
89655.96105552904,43163.944203902705,43.148
89657.10854447096,43163.297996097295,43.148
89657.15085552905,43163.388603902706,43.148
89657.10854447096,43163.297996097295,43.148
89655.96105552904,43163.944203902705,43.148
89657.10719333647,43163.29865193019,43.148
89657.15220666354,43163.38794806981,43.148
89657.87729333647,43162.91045193019,43.148
89657.92230666353,43162.99974806981,43.148
89657.87729333647,43162.91045193019,43.148
89657.15220666354,43163.38794806981,43.148
89657.88512141575,43162.90730314491,43.148
89657.91447858425,43163.00289685509,43.148
89658.72132141575,43162.650503144905,43.148
89658.75067858426,43162.74609685509,43.148
89658.72132141575,43162.650503144905,43.148
89657.91447858425,43163.00289685509,43.148
89658.74571055791,43162.64925201061,43.148
89658.7262894421,43162.74734798938,43.148
89659.37961055791,43162.77475201061,43.148
89659.3601894421,43162.87284798938,43.148
89659.37961055791,43162.77475201061,43.148
89658.7262894421,43162.74734798938,43.148
89659.39901378487,43162.78315043036,43.148
89659.34078621514,43162.864449569635,43.148
89659.96951378488,43163.191750430364,43.148
89659.91128621514,43163.27304956964,43.148
89659.96951378488,43163.191750430364,43.148
89659.34078621514,43162.864449569635,43.148
89659.98251033349,43163.20544225822,43.148
89659.89828966653,43163.25935774178,43.148
89660.25471033348,43163.63064225822,43.148
89660.17048966652,43163.68455774178,43.148
89660.25471033348,43163.63064225822,43.148
89659.89828966653,43163.25935774178,43.148
89660.25812651712,43163.63692788699,43.148
89660.16707348288,43163.67827211301,43.148
89660.43952651712,43164.03642788699,43.148
89660.34847348288,43164.07777211301,43.148
89660.43952651712,43164.03642788699,43.148
89660.16707348288,43163.67827211301,43.148
89660.44358402588,43164.05066382405,43.148
89660.34441597412,43164.06353617595,43.148
89660.50168402588,43164.49826382405,43.148
89660.40251597411,43164.51113617595,43.148
89660.50168402588,43164.49826382405,43.148
89660.34441597412,43164.06353617595,43.148
89660.49740103571,43164.525861671296,43.148
89660.40679896428,43164.4835383287,43.148
89660.19110103571,43165.1815616713,43.148
89660.10049896428,43165.1392383287,43.148
89660.19110103571,43165.1815616713,43.148
89660.40679896428,43164.4835383287,43.148
89660.17758714264,43165.198995048166,43.148
89660.11401285736,43165.121804951836,43.148
89659.72178714264,43165.57439504816,43.148
89659.65821285736,43165.49720495183,43.148
89659.72178714264,43165.57439504816,43.148
89660.11401285736,43165.121804951836,43.148
89659.72803933022,43165.56825010722,43.148
89659.65196066978,43165.50334989277,43.148
89659.42903933022,43165.91875010722,43.148
89659.35296066978,43165.853849892774,43.148
89659.42903933022,43165.91875010722,43.148
89659.65196066978,43165.50334989277,43.148
89659.43637693927,43165.90729841268,43.148
89659.34562306074,43165.86530158731,43.148
89659.11457693926,43166.60269841269,43.148
89659.02382306074,43166.56070158732,43.148
89659.11457693926,43166.60269841269,43.148
89659.34562306074,43165.86530158731,43.148
89659.11547216229,43166.600644312915,43.148
89659.02292783771,43166.56275568709,43.148
89658.70217216229,43167.610144312916,43.148
89658.60962783771,43167.57225568709,43.148
89658.70217216229,43167.610144312916,43.148
89659.02292783771,43166.56275568709,43.148
89658.70584658605,43167.593510540006,43.148
89658.60595341395,43167.58888946,43.148
89658.65234658605,43168.75001054,43.148
89658.55245341395,43168.74538946,43.148
89658.65234658605,43168.75001054,43.148
89658.60595341395,43167.58888946,43.148
89658.64874761582,43168.728941039655,43.148
89658.55605238419,43168.766458960345,43.148
89658.98824761582,43169.56774103965,43.148
89658.89555238419,43169.60525896034,43.148
89658.98824761582,43169.56774103965,43.148
89658.55605238419,43168.766458960345,43.148
89658.97075414704,43169.54566572152,43.148
89658.91304585297,43169.62733427848,43.148
89659.73255414703,43170.08396572152,43.148
89659.67484585296,43170.16563427848,43.148
89659.73255414703,43170.08396572152,43.148
89658.91304585297,43169.62733427848,43.148
89659.73435685973,43170.08530117553,43.148
89659.67304314027,43170.164298824464,43.148
89660.29275685974,43170.51870117553,43.148
89660.23144314028,43170.597698824466,43.148
89660.29275685974,43170.51870117553,43.148
89659.67304314027,43170.164298824464,43.148
89660.28935650113,43170.51628242497,43.148
89660.23484349888,43170.60011757503,43.148
89662.47285650113,43171.936082424974,43.148
89662.41834349888,43172.01991757503,43.148
89662.47285650113,43171.936082424974,43.148
89660.23484349888,43170.60011757503,43.148
89662.47285631637,43171.93608230278,43.148
89662.41834368365,43172.019917697224,43.148
89664.01045631636,43172.93588230278,43.148
89663.95594368364,43173.01971769722,43.148
89664.01045631636,43172.93588230278,43.148
89662.41834368365,43172.019917697224,43.148
89664.00770904435,43172.934218963615,43.148
89663.95869095565,43173.021381036386,43.148
89665.24370904436,43173.62931896361,43.148
89665.19469095566,43173.71648103638,43.148
89665.24370904436,43173.62931896361,43.148
89663.95869095565,43173.021381036386,43.148
89665.24371009937,43173.62931955668,43.148
89665.19468990064,43173.71648044331,43.148
89666.85001009937,43174.532719556686,43.148
89666.80098990064,43174.619880443315,43.148
89666.85001009937,43174.532719556686,43.148
89665.19468990064,43173.71648044331,43.148
89666.84353515283,43174.529665963004,43.148
89666.80746484718,43174.622934037,43.148
89667.77853515283,43174.891265963,43.148
89667.74246484718,43174.984534036994,43.148
89667.77853515283,43174.891265963,43.148
89666.80746484718,43174.622934037,43.148
89667.76721879585,43174.888353477356,43.148
89667.75378120416,43174.98744652264,43.148
89668.97881879585,43175.05265347736,43.148
89668.96538120415,43175.15174652264,43.148
89668.97881879585,43175.05265347736,43.148
89667.75378120416,43174.98744652264,43.148
89668.9682961794,43175.05234490113,43.148
89668.9759038206,43175.15205509887,43.148
89670.4807961794,43174.93694490113,43.148
89670.4884038206,43175.03665509887,43.148
89670.4807961794,43174.93694490113,43.148
89668.9759038206,43175.15205509887,43.148
89670.47608111629,43174.937531056195,43.148
89670.4931188837,43175.0360689438,43.148
89672.1162811163,43174.6539310562,43.0774
89672.13331888372,43174.75246894381,43.0774
89672.1162811163,43174.6539310562,43.0774
89670.4931188837,43175.0360689438,43.148
89672.10844637321,43174.6559500384,43.0774
89672.1411536268,43174.750449961604,43.0774
89673.3034463732,43174.242350038396,43.0421
89673.33615362679,43174.3368499616,43.0421
89673.3034463732,43174.242350038396,43.0421
89672.1411536268,43174.750449961604,43.0774
89673.30164589717,43174.2430121417,43.0421
89673.33795410283,43174.336187858295,43.0421
89674.63814589717,43173.7222121417,43.0067
89674.67445410283,43173.815387858296,43.0067
89674.63814589717,43173.7222121417,43.0067
89673.33795410283,43174.336187858295,43.0421
89674.62068854582,43173.73370264482,43.0067
89674.69191145418,43173.803897355174,43.0067
89675.50818854582,43172.833202644826,42.9361
89675.57941145418,43172.90339735518,42.9361
89675.50818854582,43172.833202644826,42.9361
89674.69191145418,43173.803897355174,43.0067
89675.50154166223,43172.84157486237,42.9361
89675.58605833777,43172.89502513764,42.9361
89676.03404166223,43171.99957486236,42.9008
89676.11855833777,43172.05302513763,42.9008
89676.03404166223,43171.99957486236,42.9008
89675.58605833777,43172.89502513764,42.9361
89676.03419629754,43171.99933190191,42.9008
89676.11840370247,43172.05326809808,42.9008
89676.77879629754,43170.836831901914,42.8654
89676.86300370247,43170.890768098085,42.8654
89676.77879629754,43170.836831901914,42.8654
89676.11840370247,43172.05326809808,42.9008
89676.77927323306,43170.836101402274,42.8654
89676.86252676696,43170.891498597724,42.8654
89678.27177323305,43168.59310140227,42.7241
89678.35502676695,43168.64849859772,42.7241
89678.27177323305,43168.59310140227,42.7241
89676.86252676696,43170.891498597724,42.8654
89678.2714378258,43168.593612208126,42.7241
89678.3553621742,43168.64798779187,42.7241
89679.5001378258,43166.69721220813,42.5828
89679.58406217421,43166.75158779187,42.5828
89679.5001378258,43166.69721220813,42.5828
89678.3553621742,43168.64798779187,42.7241
89679.49861623245,43166.6997187906,42.5828
89679.58558376756,43166.7490812094,42.5828
89679.98521623244,43165.842418790606,42.4415
89680.07218376755,43165.8917812094,42.4415
89679.98521623244,43165.842418790606,42.4415
89679.58558376756,43166.7490812094,42.5828
89679.98521863153,43165.84241456613,42.4415
89680.07218136846,43165.89178543388,42.4415
89680.46471863153,43164.99781456612,42.3002
89680.55168136847,43165.047185433876,42.3002
89680.46471863153,43164.99781456612,42.3002
89680.07218136846,43165.89178543388,42.4415
89680.47215806317,43164.98784485765,42.3002
89680.54424193682,43165.05715514235,42.3002
89681.18185806318,43164.24974485765,42.2296
89681.25394193683,43164.31905514235,42.2296
89681.18185806318,43164.24974485765,42.2296
89680.54424193682,43165.05715514235,42.3002
89681.18185615583,43164.249746842484,42.2296
89681.25394384417,43164.31905315751,42.2296
89681.78985615582,43163.61734684249,42.1589
89681.86194384417,43163.686653157514,42.1589
89681.78985615582,43163.61734684249,42.1589
89681.25394384417,43164.31905315751,42.2296
89681.79216945087,43163.61509132819,42.1589
89681.85963054912,43163.688908671815,42.1589
89682.45296945087,43163.01119132819,42.0883
89682.52043054912,43163.08500867181,42.0883
89682.45296945087,43163.01119132819,42.0883
89681.85963054912,43163.688908671815,42.1589
89682.45296826176,43163.01119241597,42.0883
89682.52043173823,43163.08500758403,42.0883
89683.24786826177,43162.284692415975,42.0529
89683.31533173824,43162.35850758403,42.0529
89683.24786826177,43162.284692415975,42.0529
89682.52043173823,43163.08500758403,42.0883
89683.2445264081,43162.288050798015,42.0529
89683.3186735919,43162.35514920199,42.0529
89683.9651264081,43161.49175079801,42.0176
89684.0392735919,43161.55884920199,42.0176
89683.9651264081,43161.49175079801,42.0176
89683.3186735919,43162.35514920199,42.0529
89683.95352329094,43161.5138729274,42.0176
89684.05087670907,43161.536727072606,42.0176
89684.16332329094,43160.620172927396,42.06
89684.26067670906,43160.643027072605,42.06
89684.16332329094,43160.620172927396,42.06
89684.05087670907,43161.536727072606,42.0176
89684.16230901358,43160.63715032053,42.06
89684.26169098642,43160.62604967947,42.06
89683.97580901359,43158.96745032053,42.1024
89684.07519098642,43158.95634967947,42.1024
89683.97580901359,43158.96745032053,42.1024
89684.26169098642,43160.62604967947,42.06
89683.97599403832,43158.968911405485,42.1024
89684.07500596168,43158.95488859452,42.1024
89683.77689403832,43157.563111405485,42.1871
89683.87590596169,43157.54908859452,42.1871
89683.77689403832,43157.563111405485,42.1871
89684.07500596168,43158.95488859452,42.1024
89683.77726233841,43157.56534610137,42.1871
89683.8755376616,43157.54685389863,42.1871
89683.4547623384,43155.85144610137,42.2718
89683.5530376616,43155.83295389863,42.2718
89683.4547623384,43155.85144610137,42.2718
89683.8755376616,43157.54685389863,42.1871
89683.45524091901,43155.8537019122,42.2718
89683.55255908098,43155.8306980878,42.2718
89683.02144091901,43154.0185019122,42.3565
89683.11875908099,43153.995498087796,42.3565
89683.02144091901,43154.0185019122,42.3565
89683.55255908098,43155.8306980878,42.2718
89683.02053879971,43154.013609660484,42.3565
89683.11966120028,43154.00039033951,42.3565
89682.78513879972,43152.24850966049,42.5259
89682.88426120029,43152.235290339515,42.5259
89682.78513879972,43152.24850966049,42.5259
89683.11966120028,43154.00039033951,42.3565
89682.78882172608,43152.26177924009,42.5259
89682.88057827394,43152.22202075991,42.5259
89682.24732172607,43151.01207924009,42.6106
89682.33907827393,43150.97232075991,42.6106
89682.24732172607,43151.01207924009,42.6106
89682.88057827394,43152.22202075991,42.5259
89682.2488803667,43151.01534671163,42.6106
89682.3375196333,43150.96905328837,42.6106
89681.7762803667,43150.11044671163,42.6953
89681.86491963331,43150.06415328837,42.6953
89681.7762803667,43150.11044671163,42.6953
89682.3375196333,43150.96905328837,42.6106
89681.77965130148,43150.115991536615,42.6953
89681.86154869854,43150.05860846338,42.6953
89680.87025130147,43148.81809153662,42.7377
89680.95214869853,43148.760708463386,42.7377
89680.87025130147,43148.81809153662,42.7377
89681.86154869854,43150.05860846338,42.6953
89680.87166664358,43148.820012317185,42.7377
89680.95073335643,43148.75878768282,42.7377
89680.01036664358,43147.707712317184,42.78
89680.08943335642,43147.64648768282,42.78
89680.01036664358,43147.707712317184,42.78
89680.95073335643,43148.75878768282,42.7377
89680.02055432922,43147.7175824859,42.78
89680.07924567077,43147.6366175141,42.78
89679.04055432923,43147.0071824859,42.8224
89679.09924567078,43146.9262175141,42.8224
89679.04055432923,43147.0071824859,42.8224
89680.07924567077,43147.6366175141,42.78
89679.0460010703,43147.01061857451,42.8224
89679.09379892971,43146.922781425485,42.8224
89677.4112010703,43146.121018574515,42.8647
89677.45899892971,43146.03318142549,42.8647
89677.4112010703,43146.121018574515,42.8647
89679.09379892971,43146.922781425485,42.8224
89677.40630398538,43146.11797529542,42.8647
89677.46389601463,43146.036224704585,42.8647
89675.87440398538,43145.03877529542,43.0341
89675.93199601462,43144.957024704585,43.0341
89675.87440398538,43145.03877529542,43.0341
89677.46389601463,43146.036224704585,42.8647
89675.87703158765,43145.0405053292,43.0341
89675.92936841235,43144.955294670806,43.0341
89673.97913158765,43143.87480532919,43.1189
89674.03146841236,43143.7895946708,43.1189
89673.97913158765,43143.87480532919,43.1189
89675.92936841235,43144.955294670806,43.0341
89673.97581702992,43143.87258260043,43.1189
89674.03478297009,43143.791817399564,43.1189
89673.41451702992,43143.462782600436,43.1612
89673.47348297009,43143.38201739957,43.1612
89673.41451702992,43143.462782600436,43.1612
89674.03478297009,43143.791817399564,43.1189
89673.41986985791,43143.46619196531,43.1612
89673.4681301421,43143.3786080347,43.1612
89672.7318698579,43143.0870919653,43.2036
89672.78013014208,43142.99950803469,43.2036
89672.7318698579,43143.0870919653,43.2036
89673.4681301421,43143.3786080347,43.1612
89672.74748093374,43143.09256891102,43.2036
89672.76451906624,43142.99403108897,43.2036
89671.23108093375,43142.830368911025,43.246
89671.24811906625,43142.731831088975,43.246
89671.23108093375,43142.830368911025,43.246
89672.76451906624,43142.99403108897,43.2036
89671.24200072221,43142.83104233325,43.246
89671.23719927779,43142.73115766675,43.246
89669.74210072221,43142.90314233325,43.2672
89669.7372992778,43142.80325766675,43.2672
89669.74210072221,43142.90314233325,43.2672
89671.23719927779,43142.73115766675,43.246
89669.74751412807,43142.9025856199,43.2672
89669.73188587194,43142.803814380095,43.2672
89667.95641412807,43143.1859856199,43.2883
89667.94078587194,43143.087214380095,43.2883
89667.95641412807,43143.1859856199,43.2883
89669.73188587194,43142.803814380095,43.2672
89667.95631300432,43143.18600151347,43.2883
89667.94088699568,43143.08719848652,43.2883
89665.19641300432,43143.61690151347,43.3307
89665.18098699568,43143.51809848652,43.3307
89665.19641300432,43143.61690151347,43.3307
89667.94088699568,43143.08719848652,43.2883
89665.19642442904,43143.61689972832,43.3307
89665.18097557095,43143.51810027168,43.3307
89663.68522442905,43143.85319972832,43.373
89663.66977557096,43143.75440027168,43.373
89663.68522442905,43143.85319972832,43.373
89665.18097557095,43143.51810027168,43.3307
89663.68537632626,43143.85317573745,43.373
89663.66962367375,43143.75442426255,43.373
89663.13747632626,43143.94057573745,43.3539
89663.12172367374,43143.84182426255,43.3539
89663.13747632626,43143.94057573745,43.3539
89663.66962367375,43143.75442426255,43.373
89663.13747000444,43143.940576747744,43.3539
89663.12172999556,43143.84182325225,43.3539
89662.40027000444,43144.058076747744,43.3348
89662.38452999556,43143.95932325225,43.3348
89662.40027000444,43144.058076747744,43.3348
89663.12172999556,43143.84182325225,43.3539
89662.38907300838,43144.05858918975,43.3348
89662.39572699161,43143.95881081025,43.3348
89661.75177300838,43144.016089189754,43.3157
89661.75842699161,43143.91631081025,43.3157
89661.75177300838,43144.016089189754,43.3157
89662.39572699161,43143.95881081025,43.3348
89661.74728449431,43144.01558540235,43.3157
89661.76291550568,43143.91681459766,43.3157
89661.26578449432,43143.939385402344,43.2965
89661.28141550568,43143.840614597655,43.2965
89661.26578449432,43143.939385402344,43.2965
89661.76291550568,43143.91681459766,43.3157
89661.25044123332,43143.9343133331,43.2965
89661.29675876668,43143.8456866669,43.2965
89660.66894123332,43143.6304133331,43.2774
89660.71525876668,43143.5417866669,43.2774
89660.66894123332,43143.6304133331,43.2774
89661.29675876668,43143.8456866669,43.2965
89660.65443543102,43143.61898434793,43.2774
89660.72976456898,43143.55321565207,43.2774
89660.28983543102,43143.20138434793,43.2583
89660.36516456898,43143.13561565207,43.2583
89660.28983543102,43143.20138434793,43.2583
89660.72976456898,43143.55321565207,43.2774
89660.29049457793,43143.202124378346,43.2583
89660.36450542207,43143.134875621654,43.2583
89659.96529457792,43142.84422437834,43.2391
89660.03930542206,43142.77697562165,43.2391
89659.96529457792,43142.84422437834,43.2391
89660.36450542207,43143.134875621654,43.2583
89659.95662650676,43142.830945318616,43.2391
89660.04797349323,43142.79025468138,43.2391
89659.70592650677,43142.268145318616,43.22
89659.79727349324,43142.22745468138,43.22
89659.70592650677,43142.268145318616,43.22
89660.04797349323,43142.79025468138,43.2391
89659.70292253098,43142.25922383905,43.22
89659.80027746902,43142.236376160945,43.22
89659.30222253098,43140.55182383905,43.2197
89659.39957746903,43140.528976160946,43.2197
89659.30222253098,43140.55182383905,43.2197
89659.80027746902,43142.236376160945,43.22
89659.30133075608,43140.54694906119,43.2197
89659.40046924393,43140.53385093881,43.2197
89659.09163075607,43138.95974906119,43.2193
89659.19076924393,43138.946650938815,43.2193
89659.09163075607,43138.95974906119,43.2193
89659.40046924393,43140.53385093881,43.2197
89659.09120005587,43138.95327476427,43.2193
89659.19119994412,43138.953125235734,43.2193
89659.08880005588,43137.34817476427,43.2189
89659.18879994412,43137.34802523573,43.2189
89659.08880005588,43137.34817476427,43.2189
89659.19119994412,43138.953125235734,43.2193
89659.08887538721,43137.34535536663,43.2189
89659.18872461279,43137.35084463337,43.2189
89659.19367538721,43135.43905536663,43.2185
89659.29352461279,43135.44454463337,43.2185
89659.19367538721,43135.43905536663,43.2185
89659.18872461279,43137.35084463337,43.2189
89659.19465678366,43135.43157445945,43.2185
89659.29254321635,43135.45202554055,43.2185
89659.54385678365,43133.76017445945,43.2181
89659.64174321634,43133.78062554055,43.2181
89659.54385678365,43133.76017445945,43.2181
89659.29254321635,43135.45202554055,43.2185
89659.54398160771,43133.75959423058,43.2181
89659.64161839228,43133.781205769425,43.2181
89659.79948160771,43132.605294230576,43.2177
89659.89711839228,43132.62690576942,43.2177
89659.79948160771,43132.605294230576,43.2177
89659.64161839228,43133.781205769425,43.2181
89659.79928060892,43132.606246092175,43.2177
89659.89731939108,43132.625953907824,43.2177
89660.16958060891,43130.76414609217,43.2173
89660.26761939107,43130.78385390782,43.2173
89660.16958060891,43130.76414609217,43.2173
89659.89731939108,43132.625953907824,43.2177
89660.16874784262,43130.7701578037,43.2173
89660.26845215737,43130.777842196294,43.2173
89660.32024784262,43128.8044578037,43.217
89660.41995215738,43128.81214219629,43.217
89660.32024784262,43128.8044578037,43.217
89660.26845215737,43130.777842196294,43.2173
