# s_m; x_m; y_m; psi_rad; kappa_radpm; vx_mps; ax_mps2
0.0000000; 89656.3124028; 43129.1596191; 2.9718003; -0.0750702; 7.7084776; -1.2089866
0.9974297; 89656.0975915; 43128.1530627; 2.8889458; -0.0862827; 7.5504218; -1.1839406
1.9948593; 89655.8077278; 43127.2073120; 2.7972768; -0.0993849; 7.3923660; -0.0384811
2.9922890; 89655.4348092; 43126.3127261; 2.6929176; -0.1187971; 7.3871720; 1.9043166
3.9897187; 89654.9563435; 43125.4574705; 2.5679678; -0.1319561; 7.6399708; 1.9683885
4.9871484; 89654.3536346; 43124.6467877; 2.4386308; -0.1202424; 7.8927696; 2.4116429
5.9845780; 89653.6748427; 43123.9280643; 2.3366344; -0.0876660; 8.1918679; 2.5627899
6.9820077; 89652.9182913; 43123.2582827; 2.2566008; -0.0735024; 8.4981825; 2.6200261
7.9794374; 89652.1177979; 43122.6506169; 2.1833411; -0.0768107; 8.8003233; 2.3188311
8.9768670; 89651.2518714; 43122.0990892; 2.0862754; -0.1130845; 9.0593284; 2.3860877
9.9742967; 89650.3723253; 43121.6696444; 1.9580245; -0.1478122; 9.3183336; 2.2500535
10.9717264; 89649.4594150; 43121.3741227; 1.8098148; -0.1475370; 9.5561436; 2.1225642
11.9691561; 89648.4953531; 43121.2063557; 1.6823348; -0.1113174; 9.7751776; 2.1706638
12.9665857; 89647.4641504; 43121.1433430; 1.5881206; -0.0719877; 9.9942117; 0.0580033
13.9640154; 89646.5152033; 43121.1558242; 1.5303921; -0.0513195; 9.9999988; 0.0000066
14.9614451; 89645.5182604; 43121.2191329; 1.4867459; -0.0369711; 9.9999994; 0.0000066
15.9588747; 89644.4786474; 43121.3248999; 1.4538913; -0.0264873; 10.0000001; 0.0000003
16.9563044; 89643.4919834; 43121.4564203; 1.4200237; -0.0420969; 10.0000001; 0.0000002
17.9537341; 89642.5026182; 43121.6312179; 1.3687240; -0.0606652; 10.0000001; 0.0000002
18.9511638; 89641.5338442; 43121.8641666; 1.2969578; -0.0845420; 10.0000001; 0.0000001
19.9485934; 89640.5605128; 43122.1868041; 1.2036963; -0.0919588; 10.0000002; 0.0000001
20.9460231; 89639.6362673; 43122.5927028; 1.1098703; -0.0944036; 10.0000002; 0.0000001
21.9434528; 89638.7894824; 43123.0635735; 1.0157436; -0.1006175; 10.0000002; 0.0000000
22.9408824; 89637.9674964; 43123.6330721; 0.9149808; -0.0960280; 10.0000002; 0.0000000
23.9383121; 89637.2083547; 43124.2730522; 0.8293393; -0.0744002; 10.0000002; 0.0000000
24.9357418; 89636.5055402; 43124.9590656; 0.7705729; -0.0449842; 10.0000002; 0.0000000
25.9331714; 89635.8371750; 43125.6782245; 0.7273948; -0.0428279; 10.0000002; 0.0000000
26.9306011; 89635.1888154; 43126.4379586; 0.6860257; -0.0399048; 10.0000002; 0.0000000
27.9280308; 89634.5679726; 43127.2271443; 0.6479051; -0.0346161; 10.0000002; 0.0000000
28.9254605; 89633.9858213; 43128.0215772; 0.6183552; -0.0256448; 10.0000002; 0.0000000
29.9228901; 89633.4127627; 43128.8470699; 0.5965971; -0.0178503; 10.0000002; 0.0000000
30.9203198; 89632.8540821; 43129.6836860; 0.5819807; -0.0118592; 10.0000002; 0.0000000
31.9177495; 89632.3120695; 43130.5168295; 0.5722287; -0.0078286; 10.0000002; 0.0000000
32.9151791; 89631.7727257; 43131.3602355; 0.5662907; -0.0040700; 10.0000002; 0.0000000
33.9126088; 89631.2366571; 43132.2061429; 0.5639164; -0.0010707; 10.0000002; 0.0000000
34.9100385; 89630.7036607; 43133.0493269; 0.5638173; 0.0008720; 10.0000002; 0.0000000
35.9074682; 89630.1699613; 43133.8919993; 0.5656563; 0.0028160; 10.0000002; 0.0000000
36.9048978; 89629.6339182; 43134.7331234; 0.5694932; 0.0050927; 10.0000002; 0.0000000
37.9023275; 89629.0935255; 43135.5715622; 0.5760187; 0.0079910; 10.0000002; 0.0000000
38.8997572; 89628.5465722; 43136.4055084; 0.5854321; 0.0108854; 10.0000002; 0.0000000
39.8971868; 89627.9906635; 43137.2333867; 0.5976532; 0.0133084; 10.0000002; 0.0000000
40.8946165; 89627.4239292; 43138.0537908; 0.6116305; 0.0147260; 10.0000002; 0.0000000
41.8920462; 89626.8449840; 43138.8660974; 0.6270248; 0.0161378; 10.0000002; 0.0000000
42.8894759; 89626.2531603; 43139.6688252; 0.6437746; 0.0172235; 10.0000002; 0.0000000
43.8869055; 89625.6483128; 43140.4605143; 0.6610656; 0.0174810; 10.0000002; 0.0000000
44.8843352; 89625.0289339; 43141.2425899; 0.6786199; 0.0177046; 10.0000002; 0.0000000
45.8817649; 89624.3955629; 43142.0139459; 0.6963282; 0.0174003; 10.0000002; 0.0000000
46.8791945; 89623.7505027; 43142.7725478; 0.7127344; 0.0155569; 10.0000002; 0.0000000
47.8766242; 89623.0923418; 43143.5226645; 0.7273526; 0.0137462; 10.0000002; 0.0000000
48.8740539; 89622.4230937; 43144.2646231; 0.7401500; 0.0114526; 10.0000002; 0.0000000
49.8714836; 89621.7466630; 43144.9978853; 0.7493064; 0.0069158; 10.0000002; 0.0000000
50.8689132; 89621.0650229; 43145.7266350; 0.7539637; 0.0024212; 10.0000002; 0.0000000
51.8663429; 89620.3820262; 43146.4533097; 0.7541357; -0.0020573; 10.0000002; 0.0000000
52.8637726; 89619.6991223; 43147.1828483; 0.7499335; -0.0063620; 10.0000002; 0.0000000
53.8612022; 89619.0223166; 43147.9151403; 0.7414270; -0.0107066; 10.0000002; 0.0000000
54.8586319; 89618.3545082; 43148.6533421; 0.7285906; -0.0152508; 10.0000002; 0.0000001
55.8560616; 89617.6976945; 43149.4025727; 0.7097127; -0.0226262; 10.0000002; 0.0000001
56.8534913; 89617.0577172; 43150.1666667; 0.6835501; -0.0298260; 10.0000002; 0.0000001
57.8509209; 89616.4392513; 43150.9513449; 0.6502914; -0.0366613; 10.0000002; -0.0000015
58.8483506; 89615.8534066; 43151.7530192; 0.6108703; -0.0427424; 10.0000001; -0.0000015
59.8457803; 89615.2998037; 43152.5824566; 0.5651960; -0.0488448; 9.9999999; -0.0000015
60.8432099; 89614.7851499; 43153.4415660; 0.5132499; -0.0548479; 9.9999998; -3.1328088
61.8406396; 89614.3227764; 43154.3192589; 0.4552403; -0.0622008; 9.6824833; -3.2667801
62.8380693; 89613.9139269; 43155.2273959; 0.3895875; -0.0695666; 9.3398991; -3.1491138
63.8354989; 89613.5669245; 43156.1676723; 0.3163393; -0.0764327; 8.9973150; -3.9546904
64.8329286; 89613.2918699; 43157.1320963; 0.2397279; -0.0750569; 8.5476679; -3.9727728
65.8303583; 89613.0904619; 43158.1142720; 0.1648079; -0.0749544; 8.0707808; -3.7447655
66.8277880; 89612.9644819; 43159.0999264; 0.0888457; -0.0785585; 7.5938938; -2.1082572
67.8252176; 89612.9164341; 43160.1369646; 0.0008408; -0.0950523; 7.3117403; -1.2447362
68.8226473; 89612.9712108; 43161.1606748; -0.1144262; -0.1344421; 7.1399211; -1.2151382
69.8200770; 89613.1477033; 43162.0893174; -0.2729706; -0.2097551; 6.9681018; -1.2077340
70.8175066; 89613.5238454; 43163.0040440; -0.5140421; -0.2546609; 6.7930246; -1.1830224
71.8149363; 89614.1015906; 43163.7911969; -0.7433762; -0.2013656; 6.6170401; -0.9753584
72.8123660; 89614.8346804; 43164.4628516; -0.9020404; -0.1272939; 6.4683473; -0.7178769
73.8097957; 89615.6634713; 43165.0418647; -1.0159792; -0.1034875; 6.3566858; -0.7053764
74.8072253; 89616.5286591; 43165.5188523; -1.1190078; -0.1104540; 6.2450242; 1.4518763
75.8046550; 89617.4706090; 43165.8965690; -1.2754509; -0.1994163; 6.4727595; 1.5860975
76.8020847; 89618.4286672; 43166.0785073; -1.4975531; -0.2397988; 6.7127235; 2.3919044
77.7995143; 89619.3483174; 43166.0480705; -1.7043183; -0.2035456; 7.0591905; 2.7447830
78.7969440; 89620.3110999; 43165.8265003; -1.8818080; -0.1561297; 7.4369097; 2.7010064
79.7943737; 89621.2956993; 43165.4261395; -2.0244499; -0.1102092; 7.7907480; 2.1763675
80.7918034; 89622.1455772; 43164.9612573; -2.1129834; -0.0773518; 8.0645707; 2.2515397
81.7892330; 89622.9975768; 43164.4046887; -2.1836722; -0.0639527; 8.3383935; 2.3267118
82.7866627; 89623.8148387; 43163.7899514; -2.2475190; -0.0627648; 8.6122163; 2.0357314
83.7840924; 89624.5907041; 43163.1232807; -2.3147022; -0.0681799; 8.8448441; 2.0776916
84.7815220; 89625.2985279; 43162.4254276; -2.3838582; -0.0703231; 9.0761208; 2.1313184
85.7789517; 89625.9466212; 43161.6915870; -2.4521810; -0.0685586; 9.3073976; 2.0188501
86.7763814; 89626.5528246; 43160.9045969; -2.5170881; -0.0616468; 9.5212904; 2.0256380
87.7738111; 89627.1123393; 43160.0777428; -2.5751518; -0.0547911; 9.7311785; 2.0698045
88.7712407; 89627.6250966; 43159.2226412; -2.6267150; -0.0487621; 9.9410665; 0.5891150
89.7686704; 89628.0963032; 43158.3421927; -2.6728442; -0.0437133; 10.0000002; -0.0000000
90.7661001; 89628.5280509; 43157.4434108; -2.7138127; -0.0383782; 10.0000002; -0.0000000
91.7635297; 89628.9246774; 43156.5298557; -2.7492255; -0.0326893; 10.0000002; -0.0000000
92.7609594; 89629.2914552; 43155.6037668; -2.7786865; -0.0262569; 10.0000002; -0.0000000
93.7583891; 89629.6342525; 43154.6673680; -2.8015338; -0.0195849; 10.0000002; -0.0000000
94.7558188; 89629.9590126; 43153.7234887; -2.8177938; -0.0130082; 10.0000002; -0.0000000
95.7532484; 89630.2713721; 43152.7757296; -2.8276623; -0.0069766; 10.0000002; -0.0000000
96.7506781; 89630.5769657; 43151.8262877; -2.8317881; -0.0012955; 10.0000002; -0.0000000
97.7481078; 89630.8813238; 43150.8764784; -2.8302462; 0.0043871; 10.0000002; 0.0000000
98.7455374; 89631.1899652; 43149.9276103; -2.8230406; 0.0100442; 10.0000002; 0.0000001
99.7429671; 89631.5081437; 43148.9817635; -2.8101950; 0.0157085; 10.0000002; 0.0000001
100.7403968; 89631.8408498; 43148.0417474; -2.7916849; 0.0214274; 10.0000002; 0.0000001
101.7378264; 89632.1933759; 43147.1095520; -2.7674421; 0.0272609; 10.0000002; 0.0000001
102.7352561; 89632.5711051; 43146.1872543; -2.7373419; 0.0331185; 10.0000003; 0.0000001
103.7326858; 89632.9793040; 43145.2773849; -2.7014655; 0.0387836; 10.0000003; -0.1078703
104.7301155; 89633.4228133; 43144.3830742; -2.6601168; 0.0438098; 9.9892352; -0.2914709
105.7275451; 89633.9049980; 43143.5090208; -2.6140241; 0.0486369; 9.9600891; -0.2906192
106.7249748; 89634.4288523; 43142.6597859; -2.5628088; 0.0541193; 9.9309431; -1.4078831
107.7224045; 89634.9945116; 43141.8445901; -2.5061775; 0.0598099; 9.7885189; -4.0271694
108.7198341; 89635.6029426; 43141.0694960; -2.4454697; 0.0629199; 9.3691764; -3.8508681
109.7172638; 89636.2657888; 43140.3252871; -2.3824073; 0.0631222; 8.9498338; -3.9264720
110.7146935; 89636.9878962; 43139.6111084; -2.3193142; 0.0614329; 8.5009862; -4.7990850
111.7121232; 89637.7549959; 43138.9430150; -2.2542086; 0.0680330; 7.9179080; -4.4582287
112.7095528; 89638.5591685; 43138.3357339; -2.1781364; 0.0850728; 7.3348298; -4.1173723
113.7069825; 89639.3759215; 43137.8216447; -2.0816281; 0.1188594; 6.7517516; -1.3687703
114.7044122; 89640.3539217; 43137.3612450; -1.9323991; 0.1609708; 6.5464223; -1.3112691
115.7018418; 89641.2925799; 43137.0978322; -1.7455464; 0.2277312; 6.3434886; -1.2690090
116.6992715; 89642.2233143; 43137.0467438; -1.4946791; 0.2908601; 6.1407128; -1.2262219
117.6967012; 89643.1753186; 43137.2507261; -1.2367055; 0.2197463; 5.9381995; -1.0280327
118.6941309; 89644.0981445; 43137.6689302; -1.0726769; 0.1170989; 5.7629361; -0.0820963
119.6915605; 89644.9522747; 43138.2001141; -0.9551281; 0.1232359; 5.7487096; -0.0818934
120.6889902; 89645.7291235; 43138.8332099; -0.8102545; 0.1756834; 5.7344831; 0.3779002
121.6864199; 89646.3650763; 43139.5764734; -0.5890806; 0.2705365; 5.7998408; 0.5910710
122.6838495; 89646.7900947; 43140.4503859; -0.3175000; 0.2634383; 5.9006150; 1.4703176
123.6812792; 89646.9869481; 43141.4098759; -0.1032498; 0.1680936; 6.1441300; 2.8526373
124.6787089; 89647.0192057; 43142.3709141; 0.0271741; 0.1113215; 6.5909744; 3.0528218
125.6761386; 89646.9363878; 43143.4077482; 0.1279367; 0.0862152; 7.0378189; 2.8351471
126.6735682; 89646.7615527; 43144.4239059; 0.2110601; 0.0755889; 7.4287693; 2.5910957
127.6709979; 89646.5167289; 43145.3926558; 0.2828782; 0.0687453; 7.7688793; 2.7070686
128.6684276; 89646.2051870; 43146.3436478; 0.3497144; 0.0653568; 8.1089893; 2.7263924
129.6658572; 89645.8318028; 43147.2725231; 0.4142004; 0.0616379; 8.4376819; 2.6556282
130.6632869; 89645.4009589; 43148.1795044; 0.4709878; 0.0511445; 8.7459751; 2.7509178
131.6607166; 89644.9298378; 43149.0533571; 0.5159637; 0.0392555; 9.0542683; 2.6656931
132.6581463; 89644.4263519; 43149.9061110; 0.5488769; 0.0287110; 9.3433109; 2.2813004
133.6555759; 89643.8938949; 43150.7510393; 0.5748363; 0.0231988; 9.5837535; 2.3392621
134.6530056; 89643.3435510; 43151.5811756; 0.5950508; 0.0173489; 9.8241962; 1.7470774
135.6504353; 89642.7790649; 43152.4015346; 0.6093237; 0.0112360; 10.0000002; -0.0000001
136.6478649; 89642.2048880; 43153.2163277; 0.6173566; 0.0048939; 10.0000002; -0.0000001
137.6452946; 89641.6261029; 43154.0292011; 0.6190966; -0.0014009; 10.0000002; -0.0000000
138.6427243; 89641.0483230; 43154.8430517; 0.6146742; -0.0067996; 10.0000002; 0.0000000
139.6401539; 89640.4762494; 43155.6601311; 0.6065114; -0.0095680; 10.0000002; 0.0000000
140.6375836; 89639.9120285; 43156.4825899; 0.5955881; -0.0123350; 10.0000002; 0.0000000
141.6350133; 89639.3580226; 43157.3118261; 0.5820435; -0.0139384; 10.0000002; 0.0000000
142.6324430; 89638.8154454; 43158.1482238; 0.5692589; -0.0117074; 10.0000002; 0.0000000
143.6298726; 89638.2823899; 43158.9913413; 0.5586948; -0.0094741; 10.0000002; 0.0000000
144.6273023; 89637.7572080; 43159.8396440; 0.5504093; -0.0067263; 10.0000002; 0.0000000
145.6247320; 89637.2380685; 43160.6905102; 0.5460384; -0.0020479; 10.0000002; 0.0000000
146.6221616; 89636.7202243; 43161.5431658; 0.5463213; 0.0026109; 10.0000002; 0.0000000
147.6195913; 89636.1999626; 43162.3947943; 0.5512594; 0.0074379; 10.0000002; 0.0000000
148.6170210; 89635.6740416; 43163.2413313; 0.5614931; 0.0130943; 10.0000002; 0.0000000
149.6144507; 89635.1366233; 43164.0816987; 0.5773650; 0.0187211; 10.0000002; 0.0000000
150.6118803; 89634.5833789; 43164.9122269; 0.5988122; 0.0239993; 10.0000002; -0.0000000
151.6093100; 89634.0121563; 43165.7272064; 0.6244275; 0.0274619; 10.0000002; -0.0000000
152.6067397; 89633.4175581; 43166.5280044; 0.6535090; 0.0308289; 10.0000002; -0.0000000
153.6041693; 89632.7973107; 43167.3117647; 0.6859130; 0.0333037; 10.0000002; 0.0000000
154.6015990; 89632.1556981; 43168.0709660; 0.7165822; 0.0284297; 10.0000002; 0.0000000
155.5990287; 89631.4903291; 43168.8145026; 0.7425811; 0.0237121; 10.0000002; 0.0000000
156.5964584; 89630.8052538; 43169.5444721; 0.7640231; 0.0192175; 10.0000002; -0.0000003
157.5938880; 89630.0947649; 43170.2706622; 0.7856590; 0.0236153; 10.0000002; -0.0000003
158.5913177; 89629.3764920; 43170.9704416; 0.8122506; 0.0298100; 10.0000001; -0.0000003
159.5887474; 89628.6585784; 43171.6295303; 0.8453973; 0.0388640; 10.0000001; -0.0000006
160.5861770; 89627.8956992; 43172.2762313; 0.8926413; 0.0552260; 10.0000001; -0.0000006
161.5836067; 89627.1096536; 43172.8724223; 0.9528101; 0.0652358; 10.0000000; -0.3101258
162.5810364; 89626.2764282; 43173.4242337; 1.0186536; 0.0608030; 9.9690191; -2.3943536
163.5784661; 89625.4266913; 43173.9200659; 1.0610316; 0.0271536; 9.7265073; -2.3353900
164.5758957; 89624.5433729; 43174.4036030; 1.0742562; -0.0003687; 9.4839954; -2.6267347
165.5733254; 89623.6575205; 43174.8890066; 1.0601445; -0.0279952; 9.2035973; -5.7972382
166.5707551; 89622.7715870; 43175.4082995; 1.0156637; -0.0597921; 8.5522820; -5.3719335
167.5681847; 89621.9468446; 43175.9615723; 0.9377154; -0.0986920; 7.9009668; -4.2945845
168.5656144; 89621.1986590; 43176.5766776; 0.8207062; -0.1384378; 7.3388136; -1.2549973
169.5630441; 89620.5226689; 43177.3017193; 0.6790337; -0.1448014; 7.1662153; -1.2251303
170.5604738; 89619.9560626; 43178.1160087; 0.5381650; -0.1366836; 6.9936170; -1.2196497
171.5579034; 89619.5056036; 43178.9967115; 0.4080756; -0.1340881; 6.8174518; -1.2170115
172.5553331; 89619.1784191; 43179.9244966; 0.2667749; -0.1536216; 6.6370085; -1.1843678
173.5527628; 89618.9922968; 43180.9163035; 0.1006120; -0.1749554; 6.4565653; -0.4146100
174.5501924; 89618.9809342; 43181.9130474; -0.0766069; -0.1685141; 6.3921942; 0.2761154
175.5476221; 89619.1346394; 43182.8890418; -0.2325884; -0.1490087; 6.4351346; 0.2779640
176.5450518; 89619.4382821; 43183.8503395; -0.3779670; -0.1409912; 6.4780751; 0.4834340
177.5424814; 89619.8768095; 43184.7601331; -0.5203005; -0.1399231; 6.5520867; 0.8922287
178.5399111; 89620.4319548; 43185.5899484; -0.6584592; -0.1371062; 6.6865320; 0.9103508
179.5373408; 89621.0941600; 43186.3347688; -0.7950889; -0.1374069; 6.8209774; 1.0405538
180.5347705; 89621.8487482; 43186.9794522; -0.9330106; -0.1399068; 6.9714770; 2.0324836
181.5322001; 89622.6753211; 43187.5093682; -1.0671630; -0.1324173; 7.2564461; 2.1139003
182.5296298; 89623.5732434; 43187.9316590; -1.1934060; -0.1214946; 7.5414152; 2.1953169
183.5270595; 89624.5353608; 43188.2482593; -1.3102770; -0.1090962; 7.8263844; 0.0533048
184.5244891; 89625.5361499; 43188.4592461; -1.4125264; -0.0914085; 7.8331748; -0.3725459
185.5219188; 89626.5499796; 43188.5745170; -1.5015836; -0.0851906; 7.7855925; -0.3702760
186.5193485; 89627.5338543; 43188.6007912; -1.5878064; -0.0926325; 7.7380102; 0.7407649
187.5167782; 89628.5646767; 43188.5299402; -1.6946969; -0.1133236; 7.8329129; 1.8433005
188.5142078; 89629.5741611; 43188.3407293; -1.8205680; -0.1313739; 8.0642203; 1.8969415
189.5116375; 89630.4422258; 43188.0608910; -1.9466688; -0.1440489; 8.2955278; 1.5957606
190.5090672; 89631.2980278; 43187.6509803; -2.0877171; -0.1377884; 8.4852283; 1.5955542
191.5064968; 89632.1350272; 43187.1106654; -2.1868593; -0.0591372; 8.6707558; 1.9614038
192.5039265; 89632.9064537; 43186.5413449; -2.2210750; -0.0240001; 8.8935218; 2.1770294
193.5013562; 89633.6793956; 43185.9410725; -2.2397670; -0.0154155; 9.1344183; 2.2352100
194.4987859; 89634.5034758; 43185.2797812; -2.2535760; -0.0112371; 9.3753148; -1.0266066
195.4962155; 89635.3135062; 43184.6144579; -2.2611623; -0.0000159; 9.2654515; -2.8424871
196.4936452; 89636.1039020; 43183.9652196; -2.2529533; 0.0164835; 8.9542297; -2.7453785
197.4910749; 89636.8802378; 43183.3491802; -2.2266208; 0.0383107; 8.6430079; -2.2423245
198.4885045; 89637.6905480; 43182.7568399; -2.1721817; 0.0683335; 8.3802424; -1.4831612
199.4859342; 89638.5660996; 43182.2062782; -2.0871109; 0.0971197; 8.2018148; -1.4512428
200.4833639; 89639.4086726; 43181.7824961; -1.9821243; 0.1247841; 8.0233871; -1.2840081
201.4807936; 89640.3070811; 43181.4564783; -1.8529718; 0.1406373; 7.8621450; -1.2092298
202.4782232; 89641.2672847; 43181.2466507; -1.7226220; 0.1184840; 7.7072097; -0.2467829
203.4756529; 89642.2578285; 43181.1479085; -1.6234412; 0.0864530; 7.6752058; 1.5142276
204.4730826; 89643.2202992; 43181.1360146; -1.5438454; 0.0802454; 7.8695270; 1.5520856
205.4705122; 89644.2449938; 43181.2057434; -1.4618668; 0.0801633; 8.0638482; 2.1842850
206.4679419; 89645.2538423; 43181.3581901; -1.3808254; 0.0736037; 8.3296452; 2.9252997
207.4653716; 89646.2196053; 43181.5782443; -1.3148882; 0.0603566; 8.6728629; 3.0434016
208.4628013; 89647.1859190; 43181.8609424; -1.2590116; 0.0512270; 9.0160805; 2.8632944
209.4602309; 89648.1425626; 43182.1956872; -1.2104811; 0.0444594; 9.3274636; 2.1369592
210.4576606; 89649.0837855; 43182.5733934; -1.1690771; 0.0373157; 9.5532461; 2.1880683
211.4550903; 89649.9942424; 43182.9791391; -1.1351225; 0.0308719; 9.7790285; 1.6037079
212.4525199; 89650.8744786; 43183.4040792; -1.1079437; 0.0250337; 9.9412560; -3.8169940
213.4499496; 89651.7697160; 43183.8642429; -1.0848314; 0.0204368; 9.5506128; -3.6639986
214.4473793; 89652.6406525; 43184.3344385; -1.0678091; 0.0136773; 9.1599696; -4.0180809
215.4448089; 89653.5092195; 43184.8185792; -1.0581602; 0.0043425; 8.7114601; -6.5636517
216.4422386; 89654.3910741; 43185.3138738; -1.0630136; -0.0139487; 7.9243911; -5.9425778
217.4396683; 89655.2718098; 43185.7922204; -1.0869241; -0.0346381; 7.1373222; -4.5570280
218.4370980; 89656.1678098; 43186.2385593; -1.1347498; -0.0587870; 6.4692147; -1.2994273
219.4345276; 89657.1430883; 43186.6534431; -1.2057536; -0.0778940; 6.2656655; -1.2578883
220.4319573; 89658.0437329; 43186.9547967; -1.2965766; -0.1198097; 6.0621163; -1.4900031
221.4293870; 89658.9899244; 43187.1439509; -1.4769572; -0.2724032; 5.8117903; -1.5364836
222.4268166; 89659.9581087; 43187.0939744; -1.7675584; -0.2730703; 5.5418262; -0.8041953
223.4242463; 89660.8446794; 43186.8136955; -1.9745805; -0.1943118; 5.3951443; -0.5471283
224.4216760; 89661.7192891; 43186.3386405; -2.1604955; -0.1835825; 5.2930273; -0.4203657
225.4191057; 89662.5478067; 43185.6561512; -2.3597676; -0.1814425; 5.2132108; 0.3453435
226.4165353; 89663.1798504; 43184.9040515; -2.5208605; -0.1518394; 5.2788710; 0.3496659
227.4139650; 89663.7038837; 43184.0401744; -2.6715584; -0.1503662; 5.3445311; 0.3633311
228.4113947; 89664.0870371; 43183.1121620; -2.8325741; -0.1741227; 5.4119135; 0.7686251
229.4088243; 89664.3099097; 43182.0947953; -3.0223574; -0.1918625; 5.5517661; 0.7882343
230.4062540; 89664.3292099; 43181.1034732; 3.0561337; -0.2230646; 5.6916187; 0.8826691
231.4036837; 89664.1418806; 43180.1716373; 2.8233491; -0.2625543; 5.8442556; 1.3638852
232.4011134; 89663.7244840; 43179.2950878; 2.5748037; -0.2396708; 6.0725680; 1.4161460
233.3985430; 89663.1006981; 43178.5197582; 2.3627800; -0.1837668; 6.3008805; 1.8320903
234.3959727; 89662.3441117; 43177.8695797; 2.2090195; -0.1208674; 6.5845165; 2.4020513
235.3934024; 89661.5303129; 43177.3264944; 2.1179304; -0.0690549; 6.9388480; 2.5279257
236.3908320; 89660.6462622; 43176.8218173; 2.0673366; -0.0321827; 7.2931796; 2.4251370
237.3882617; 89659.7367487; 43176.3422965; 2.0485341; -0.0119312; 7.6176292; 2.0334589
238.3856914; 89658.8343502; 43175.8825510; 2.0349203; -0.0150708; 7.8793870; 2.1021526
239.3831211; 89657.9404059; 43175.4440843; 2.0180293; -0.0190398; 8.1411448; 2.2186686
240.3805507; 89657.0493098; 43175.0277701; 1.9966657; -0.0262771; 8.4085772; 2.5331767
241.3779804; 89656.1160026; 43174.6228117; 1.9604609; -0.0452994; 8.7038785; 2.6206043
242.3754101; 89655.1920777; 43174.2708228; 1.9058212; -0.0652884; 8.9991799; 0.2832703
243.3728397; 89654.2598067; 43173.9822196; 1.8349547; -0.0670178; 9.0305217; -6.1762626
244.3702694; 89653.3011712; 43173.7485737; 1.7928167; -0.0182362; 8.3204295; -5.6707322
245.3676991; 89652.3263465; 43173.5296246; 1.7984662; 0.0286182; 7.6103373; -3.6297637
246.3651288; 89651.3572694; 43173.2833809; 1.8470178; 0.0658588; 7.1187335; -1.2402357
247.3625584; 89650.4163479; 43172.9779141; 1.9275180; 0.0969134; 6.9427855; -1.2091982
248.3599881; 89649.4962603; 43172.5772483; 2.0407857; 0.1285681; 6.7668375; -1.1803276
249.3574178; 89648.6194515; 43172.0513394; 2.1825632; 0.1329000; 6.5905616; -1.1525640
250.3548474; 89647.8133860; 43171.4047257; 2.3077241; 0.1128444; 6.4137586; -1.1212241
251.3522771; 89647.1173076; 43170.6989395; 2.4189367; 0.1156684; 6.2369556; -0.9841465
252.3497068; 89646.5027306; 43169.9060342; 2.5539280; 0.1656777; 6.0775308; -0.8022388
253.3471364; 89646.0280187; 43169.0167442; 2.7619103; 0.2429477; 5.9444115; -0.2641463
254.3445661; 89645.7893806; 43168.1307908; 2.9964836; 0.2548884; 5.8999231; 3.0245006
255.3419958; 89645.7599296; 43167.1996633; -3.0685253; 0.2002050; 6.3908173; 3.2660987
256.3394255; 89645.9302668; 43166.1599573; -2.9053573; 0.1131401; 6.8817115; 2.2878181
257.3368551; 89646.2013858; 43165.2364646; -2.8085603; 0.0976832; 7.2056803; 2.2196718
258.3342848; 89646.5782785; 43164.3023512; -2.7056524; 0.1093769; 7.5066479; 2.3104866
259.3317145; 89647.0723884; 43163.3914036; -2.5783534; 0.1394387; 7.8076154; 1.8073283
260.3291441; 89647.6688184; 43162.5815582; -2.4361190; 0.1379614; 8.0351866; 1.7816953
261.3265738; 89648.3639894; 43161.8687131; -2.3027640; 0.1296241; 8.2533905; 1.8294310
262.3240035; 89649.1435999; 43161.2524826; -2.1779103; 0.1216812; 8.4715945; 1.4038306
263.3214332; 89649.9767256; 43160.7424639; -2.0645230; 0.1086395; 8.6352972; 1.3194294
264.3188628; 89650.8678458; 43160.3196101; -1.9662253; 0.0902046; 8.7863777; 1.3423136
265.3162925; 89651.8191519; 43159.9690840; -1.8847431; 0.0706531; 8.9374583; 1.1202548
266.3137222; 89652.7707401; 43159.6946999; -1.8180868; 0.0701705; 9.0616175; 1.0112976
267.3111518; 89653.7371559; 43159.4877001; -1.7438620; 0.0802052; 9.1722575; 1.0235704
268.3085815; 89654.7363276; 43159.3562901; -1.6573549; 0.0915764; 9.2828975; 0.4916350
269.3060112; 89655.7651376; 43159.3178056; -1.5576962; 0.0963776; 9.3355733; -1.3131941
270.3034409; 89656.8167853; 43159.3826177; -1.4624505; 0.0869309; 9.1941988; -1.2931559
271.3008705; 89657.8184674; 43159.5368939; -1.3723461; 0.0940269; 9.0528243; -1.2731176
272.2983002; 89658.7162757; 43159.7620027; -1.2727659; 0.1282907; 8.9114498; -6.1337093
273.2957299; 89659.7391418; 43160.1688944; -1.1034137; 0.1739345; 8.1962217; -6.1534150
274.2931595; 89660.5367216; 43160.6583545; -0.9387354; 0.1635481; 7.4096459; -4.7058841
275.2905892; 89661.2072099; 43161.2235437; -0.7948929; 0.1942743; 6.7465010; -3.8041257
276.2880189; 89661.8424077; 43161.9683442; -0.6307440; 0.1200786; 6.1584559; 0.6944550
277.2854486; 89662.3987184; 43162.8091962; -0.5477629; 0.0628143; 6.2699218; 3.7712680
278.2828782; 89662.8907030; 43163.6733989; -0.4873471; 0.0622898; 6.8436152; 4.1012403
279.2803079; 89663.3487810; 43164.6166709; -0.4132465; 0.0829744; 7.4173086; -0.4371541
280.2777376; 89663.7380731; 43165.6440522; -0.3129366; 0.0718334; 7.3582882; -5.0870811
281.2751672; 89664.0425266; 43166.6659523; -0.2843119; -0.0327317; 6.6329778; -4.5596502
282.2725969; 89664.3255529; 43167.5016023; -0.4083953; -0.3147171; 5.9076673; -2.0345684
283.2700266; 89664.8419655; 43168.2348800; -0.8424531; -0.4596390; 5.5535444; -1.5437984
284.2674563; 89665.7090982; 43168.8053669; -1.0578633; -0.0273345; 5.2689842; -0.2436376
285.2648859; 89666.5331689; 43169.2584249; -1.0803372; -0.0305112; 5.2226595; -0.1780809
286.2623156; 89667.4556685; 43169.7290334; -1.1211883; -0.0504822; 5.1885379; -0.0619882
287.2597453; 89668.4030352; 43170.1489182; -1.1941536; -0.0979053; 5.1766078; 1.9023014
288.2571749; 89669.4076318; 43170.4738151; -1.3351008; -0.1726602; 5.5310118; 2.0282273
289.2546046; 89670.3569027; 43170.6087506; -1.5345526; -0.2366197; 5.8854159; 2.6645858
290.2520343; 89671.2762289; 43170.5389208; -1.7583523; -0.2356916; 6.3208855; 3.3516364
291.2494639; 89672.1934761; 43170.2610027; -1.9641101; -0.1893763; 6.8293218; 3.6108100
292.2468936; 89673.1357256; 43169.7658644; -2.1351246; -0.1333428; 7.3377582; 2.7858814
293.2443233; 89673.9307351; 43169.1986387; -2.2367993; -0.0794691; 7.7071484; 2.8115634
294.2417530; 89674.7054291; 43168.5449883; -2.3019489; -0.0522039; 8.0628041; 2.9383803
295.2391826; 89675.4462866; 43167.8480376; -2.3469119; -0.0375117; 8.4184598; 2.8978270
296.2366123; 89676.1681409; 43167.1121292; -2.3865808; -0.0460791; 8.7550684; 2.9171975
297.2340420; 89676.8344341; 43166.3659507; -2.4417819; -0.0638207; 9.0813337; 3.0239209
298.2314716; 89677.4329277; 43165.6055019; -2.5096239; -0.0747655; 9.4075990; 2.0394643
299.2289013; 89677.9723932; 43164.8097541; -2.5816917; -0.0732168; 9.6214013; 1.6017859
300.2263310; 89678.4647599; 43163.9594978; -2.6506271; -0.0666754; 9.7860462; 1.6289637
301.2237607; 89678.9166525; 43163.0435462; -2.7144589; -0.0581334; 9.9506911; 0.4931442
302.2211903; 89679.3086170; 43162.1131602; -2.7711735; -0.0569921; 10.0000003; -0.0000004
303.2186200; 89679.6455882; 43161.1622963; -2.8322576; -0.0653251; 10.0000003; -0.0000004
304.2160497; 89679.9167777; 43160.1981701; -2.9053954; -0.0825470; 10.0000003; -0.5911527
305.2134793; 89680.1091232; 43159.1968344; -3.0017006; -0.1020850; 9.9408621; -1.3073753
306.2109090; 89680.1968841; 43158.1736181; -3.1123950; -0.1139702; 9.8088077; -1.2898920
307.2083387; 89680.1697591; 43157.2087178; 3.0537295; -0.1292675; 9.6767534; -2.1069495
308.2057684; 89680.0209127; 43156.2474498; 2.9201496; -0.1411988; 9.4570867; -2.6793768
309.2031980; 89679.7394611; 43155.3026064; 2.7868412; -0.1241626; 9.1701422; -2.5768532
310.2006277; 89679.3407625; 43154.3874911; 2.6809555; -0.0870838; 8.8854403; -1.5649455
311.1980574; 89678.8761046; 43153.5438920; 2.5943447; -0.0930687; 8.7079965; -1.5333780
312.1954870; 89678.3131774; 43152.7126280; 2.4970074; -0.1009457; 8.5305527; -1.3182357
313.1929167; 89677.6583369; 43151.9311418; 2.3904746; -0.1032063; 8.3750005; -0.7483223
314.1903464; 89676.9491046; 43151.2420607; 2.2951683; -0.0905962; 8.2853990; -0.7402732
315.1877761; 89676.1686371; 43150.6106187; 2.2080247; -0.0838713; 8.1957974; 0.0456326
316.1852057; 89675.3293851; 43150.0423139; 2.1247220; -0.0783511; 8.2013491; 2.3247315
317.1826354; 89674.4400990; 43149.5376788; 2.0512979; -0.0658591; 8.4793655; 2.4022238
318.1800651; 89673.5465723; 43149.1066975; 1.9905985; -0.0569747; 8.7573819; 2.1905496
319.1774947; 89672.6322641; 43148.7280964; 1.9363466; -0.0567532; 9.0034202; 1.7088112
320.1749244; 89671.6767009; 43148.3951576; 1.8744200; -0.0647440; 9.1907787; 1.7440049
321.1723541; 89670.7440873; 43148.1352187; 1.8106926; -0.0654844; 9.3781372; 1.4340217
322.1697838; 89669.8109491; 43147.9380054; 1.7467475; -0.0684368; 9.5294349; 1.3841620
323.1672134; 89668.8320155; 43147.7971121; 1.6820714; -0.0604737; 9.6732279; -0.6585486
324.1646431; 89667.8174612; 43147.7126867; 1.6292669; -0.0353122; 9.6050834; -5.5072878
325.1620728; 89666.8571592; 43147.6662869; 1.6149196; 0.0026320; 9.0150631; -5.1582667
326.1595024; 89665.8417306; 43147.6148558; 1.6327413; 0.0314218; 8.4250427; -4.3727027
327.1569321; 89664.8034878; 43147.5285653; 1.6789383; 0.0538412; 7.8904004; -2.3693782
328.1543618; 89663.7936493; 43147.3896626; 1.7373935; 0.0618509; 7.5849748; -2.2758530
329.1517914; 89662.8093450; 43147.1902951; 1.8064308; 0.0771393; 7.2795491; -2.1823278
330.1492211; 89661.8804955; 43146.9266634; 1.8925274; 0.1037745; 6.9741235; -1.2092276
331.1466508; 89660.8930577; 43146.5317345; 2.0136163; 0.1246769; 6.7989823; -1.1577107
332.1440805; 89660.0313492; 43146.0513822; 2.1496566; 0.1527188; 6.6269669; -0.7061935
333.1415101; 89659.2857118; 43145.4770020; 2.3106070; 0.1890108; 6.5198108; 0.5660629
334.1389398; 89658.6285978; 43144.7518721; 2.4995085; 0.1852463; 6.6058420; 0.5734833
335.1363695; 89658.0978310; 43143.9001740; 2.6594297; 0.1287042; 6.6918732; 2.0961473
336.1337991; 89657.7013865; 43143.0316456; 2.7616328; 0.0913678; 6.9973342; 2.4443620
337.1312288; 89657.3695389; 43142.0865923; 2.8432546; 0.0737622; 7.3374958; 2.5610622
338.1286585; 89657.1002013; 43141.0807722; 2.9152822; 0.0654113; 7.6777473; 2.6874836
339.1260882; 89656.9083643; 43140.1141298; 2.9743414; 0.0548197; 8.0192865; 2.8044332
340.1235178; 89656.7674999; 43139.1242671; 3.0246939; 0.0462054; 8.3608256; 2.9089860
341.1209475; 89656.6720347; 43138.1207980; 3.0676132; 0.0390948; 8.7009438; 2.5143786
342.1183772; 89656.6160754; 43137.1254589; 3.1015867; 0.0290991; 8.9845565; 2.5950220
343.1158068; 89656.5890129; 43136.1278591; 3.1257298; 0.0193161; 9.2681691; 2.6756654
344.1132365; 89656.5811964; 43135.1304605; 3.1401771; 0.0096591; 9.5517818; -1.4937107
345.1106662; 89656.5827607; 43134.1245657; -3.1390105; -0.0018549; 9.3945086; -1.7293819
346.1080959; 89656.5824367; 43133.1249063; 3.1363523; -0.0139278; 9.2090672; -1.6949047
347.1055255; 89656.5683901; 43132.1365616; 3.1162699; -0.0269307; 9.0236258; -0.1799409
348.1029552; 89656.5263924; 43131.1184373; 3.0822860; -0.0399508; 9.0037140; 0.0000000
349.1003849; 89656.4446764; 43130.1210733; 3.0347985; -0.0555748; 9.0037140; -10.8510094
350.0978145; 89656.3124028; 43129.1596191; 2.9718003; -0.0750702; 7.7084776; -1.2089866
